Season,DayNum,team_1,team_2,team_1_won,team_1_FGM,team_1_FGA,team_1_FGM2,team_1_FGA2,team_1_FGM3,team_1_FGA3,team_1_FTM,team_1_FTA,team_1_OR,team_1_DR,team_1_Ast,team_1_TO,team_1_Stl,team_1_Blk,team_1_PF,team_1_FGMA,team_1_FGAA,team_1_FGM2A,team_1_FGA2A,team_1_FGM3A,team_1_FGA3A,team_1_FTMA,team_1_FTAA,team_1_ORA,team_1_DRA,team_1_AstA,team_1_TOA,team_1_StlA,team_1_BlkA,team_1_PFA,team_2_FGM,team_2_FGA,team_2_FGM2,team_2_FGA2,team_2_FGM3,team_2_FGA3,team_2_FTM,team_2_FTA,team_2_OR,team_2_DR,team_2_Ast,team_2_TO,team_2_Stl,team_2_Blk,team_2_PF,team_2_FGMA,team_2_FGAA,team_2_FGM2A,team_2_FGA2A,team_2_FGM3A,team_2_FGA3A,team_2_FTMA,team_2_FTAA,team_2_ORA,team_2_DRA,team_2_AstA,team_2_TOA,team_2_StlA,team_2_BlkA,team_2_PFA
2012,134,1140,1233,1,27.97,60.03,21.16,40.48,6.81,19.55,15.61,22.03,10.81,27.1,17.03,12.9,8.32,4.19,18.45,23.84,57.1,17.32,36.39,6.52,20.71,13.39,20.0,9.84,24.71,13.58,15.58,6.06,2.74,19.03,30.94,61.34,23.19,41.62,7.75,19.72,13.62,19.03,10.78,23.97,19.34,12.38,7.22,2.12,16.88,26.72,59.38,19.53,39.09,7.19,20.28,11.94,17.03,11.53,22.31,14.16,15.94,5.38,3.06,17.81
2012,134,1290,1443,0,23.94,59.52,16.42,36.64,7.52,22.88,13.52,20.79,13.24,23.88,13.3,14.48,8.76,2.39,20.42,23.7,54.21,16.7,36.18,7.0,18.03,14.88,22.64,10.91,26.12,12.61,16.24,6.12,4.0,17.64,21.97,55.36,16.3,36.97,5.67,18.39,15.45,22.3,12.52,23.39,11.06,15.03,5.52,4.09,19.82,23.85,55.3,19.12,41.12,4.73,14.18,15.58,21.45,11.39,24.73,11.7,14.58,6.39,3.97,19.39
2012,135,1143,1378,0,26.42,55.15,21.79,42.55,4.64,12.61,14.18,19.0,9.97,24.91,16.06,12.24,4.79,3.15,14.39,22.97,55.88,17.48,39.12,5.48,16.76,10.36,15.06,9.39,21.06,11.24,12.94,5.03,2.42,17.73,21.19,48.75,16.59,33.97,4.59,14.78,11.84,16.69,10.38,23.31,11.62,13.69,5.56,3.56,15.38,20.31,51.66,15.19,34.91,5.12,16.75,11.56,16.44,10.47,19.97,11.44,11.25,7.16,3.44,16.06
2012,135,1249,1436,0,25.38,59.09,21.12,46.28,4.25,12.81,17.62,24.34,13.97,25.25,12.44,12.12,7.88,4.38,17.53,24.0,56.72,19.0,42.03,5.0,14.69,12.88,19.19,11.06,23.44,12.0,14.03,5.22,3.88,18.62,23.47,52.97,18.06,37.32,5.41,15.65,14.88,20.06,11.06,24.29,13.26,12.35,6.24,2.38,17.32,21.65,53.09,16.29,36.29,5.35,16.79,11.85,17.59,10.38,21.32,9.94,12.76,5.65,3.24,18.76
2012,136,1124,1355,1,26.09,56.0,19.36,38.15,6.73,17.85,15.36,20.42,12.12,23.91,14.73,13.85,7.64,4.64,17.64,23.39,56.15,17.12,37.64,6.27,18.52,12.21,17.79,11.7,20.09,13.03,14.36,6.79,3.18,18.82,25.97,55.88,17.81,35.12,8.16,20.75,16.28,22.31,10.16,23.88,13.91,10.41,6.47,1.84,16.22,24.84,55.44,19.19,37.97,5.66,17.47,11.28,16.38,9.38,23.12,12.34,12.81,5.56,2.59,19.41
2012,136,1160,1424,1,22.72,51.69,17.16,35.38,5.56,16.31,15.28,22.25,9.56,25.25,11.38,12.56,5.88,3.25,17.09,22.75,55.06,16.5,36.06,6.25,19.0,11.81,17.88,10.06,23.03,10.97,12.25,6.03,3.75,17.84,26.72,58.0,18.41,35.69,8.31,22.31,14.19,20.75,11.31,26.25,17.56,13.72,8.12,4.88,17.38,23.47,57.72,17.16,38.66,6.31,19.06,13.09,19.28,11.34,23.41,11.59,14.78,6.38,2.41,18.34
2012,136,1211,1452,1,24.94,52.71,18.55,35.71,6.39,17.0,17.71,24.77,10.97,26.16,13.74,13.35,6.81,3.29,15.16,23.55,56.94,17.55,37.71,6.0,19.23,10.1,15.1,10.03,20.58,11.29,13.13,7.19,2.45,20.68,25.69,58.28,20.34,40.59,5.34,17.69,14.91,22.22,15.0,23.38,14.59,12.88,6.5,2.56,16.81,24.59,55.19,19.28,38.41,5.31,16.78,11.66,17.22,10.16,21.47,12.41,13.56,7.09,3.38,20.47
2012,136,1231,1308,1,25.97,53.3,19.58,38.55,6.39,14.76,18.94,24.85,10.79,24.12,13.42,12.76,6.42,3.36,17.58,23.21,55.09,17.12,37.64,6.09,17.45,13.03,18.85,10.94,19.64,10.58,13.58,6.76,4.03,20.7,26.48,56.7,21.91,42.73,4.58,13.97,19.85,29.91,14.45,25.55,13.88,14.67,6.79,4.09,17.94,24.76,57.91,18.91,39.64,5.85,18.27,12.73,19.21,10.82,21.06,13.36,14.48,5.85,3.36,22.24
2012,136,1163,1235,0,25.36,55.88,19.97,39.58,5.39,16.3,12.73,19.24,12.33,25.52,13.61,12.55,5.82,6.91,14.39,23.0,60.0,15.76,38.88,7.24,21.12,10.88,14.97,13.48,21.18,12.06,10.94,6.61,2.61,17.24,24.88,55.41,16.0,32.03,8.88,23.38,14.56,21.44,10.84,25.88,14.59,12.53,5.88,2.81,16.06,25.38,58.28,19.88,39.81,5.5,18.47,10.47,14.97,9.25,22.88,13.16,11.88,5.75,3.09,18.47
2012,136,1243,1379,1,24.84,56.13,19.13,39.45,5.71,16.68,16.03,24.06,14.23,23.03,14.45,14.48,6.16,4.81,20.13,21.65,53.06,16.35,36.45,5.29,16.61,15.13,22.1,11.71,20.68,11.35,16.19,7.29,3.13,22.23,23.71,57.9,17.55,40.55,6.16,17.35,17.16,23.29,13.71,22.45,10.74,10.81,5.87,2.94,19.19,23.0,51.13,17.42,35.68,5.58,15.45,14.65,20.26,8.94,23.77,11.23,14.06,4.84,4.74,20.45
2012,136,1246,1443,1,27.32,56.59,21.59,41.15,5.74,15.44,16.29,22.62,12.5,26.62,13.24,11.35,6.32,8.79,14.56,21.53,58.56,15.88,40.97,5.65,17.59,10.29,14.97,11.97,19.94,10.47,11.88,5.5,3.32,18.29,21.97,55.36,16.3,36.97,5.67,18.39,15.45,22.3,12.52,23.39,11.06,15.03,5.52,4.09,19.82,23.85,55.3,19.12,41.12,4.73,14.18,15.58,21.45,11.39,24.73,11.7,14.58,6.39,3.97,19.39
2012,136,1172,1257,0,26.48,59.13,18.74,36.39,7.74,22.74,16.65,21.71,12.29,26.23,13.55,11.9,5.42,3.45,20.45,23.74,55.61,18.48,40.16,5.26,15.45,15.16,22.71,9.55,22.77,10.48,12.16,6.13,3.58,19.61,24.23,57.06,18.34,38.11,5.89,18.94,14.49,21.11,13.14,25.09,13.77,14.66,9.11,4.86,17.86,21.34,56.26,15.8,38.26,5.54,18.0,12.94,19.57,13.11,23.2,11.14,15.86,7.31,3.4,19.03
2012,136,1140,1266,0,27.97,60.03,21.16,40.48,6.81,19.55,15.61,22.03,10.81,27.1,17.03,12.9,8.32,4.19,18.45,23.84,57.1,17.32,36.39,6.52,20.71,13.39,20.0,9.84,24.71,13.58,15.58,6.06,2.74,19.03,26.5,57.72,20.81,40.84,5.69,16.88,17.25,23.94,11.81,24.0,16.84,13.25,8.81,3.5,17.88,23.88,58.78,17.78,39.81,6.09,18.97,12.38,18.28,13.62,22.5,13.91,16.66,7.22,4.09,20.16
2012,136,1161,1293,0,24.13,50.74,18.13,35.94,6.0,14.81,16.77,21.81,8.19,23.13,12.32,12.45,5.35,1.9,18.84,23.16,53.06,15.9,32.71,7.26,20.35,14.77,20.74,9.65,20.65,12.48,12.1,5.13,3.26,19.13,24.64,51.82,17.21,33.57,7.43,18.25,17.5,24.04,10.64,22.61,12.54,13.96,8.04,4.29,18.21,22.71,54.0,18.39,39.36,4.32,14.64,12.61,18.96,12.07,20.0,10.5,16.04,6.46,2.71,20.46
2012,136,1253,1307,0,25.58,54.94,18.97,36.48,6.61,18.45,16.0,23.84,11.29,24.35,14.13,12.87,6.81,2.74,15.74,23.84,56.74,17.68,38.71,6.16,18.03,10.77,15.52,11.23,21.74,12.55,14.71,5.74,2.84,19.52,24.84,54.19,17.16,34.22,7.69,19.97,15.19,21.34,11.09,26.5,16.09,13.31,6.84,3.28,17.62,20.84,54.22,14.72,34.41,6.12,19.81,11.84,17.38,9.94,21.53,11.25,14.25,5.69,2.31,19.59
2012,136,1259,1326,0,23.0,53.78,18.0,39.09,5.0,14.69,16.59,23.12,13.28,22.06,12.0,13.47,7.78,4.34,18.88,22.28,52.03,17.19,37.91,5.09,14.12,14.16,20.69,10.84,20.78,11.28,14.22,6.16,3.75,19.19,27.59,57.12,22.74,42.24,4.85,14.88,14.74,21.12,11.88,25.06,14.97,11.62,7.21,3.0,16.06,21.35,52.56,15.35,33.91,6.0,18.65,10.35,15.03,8.26,21.26,10.09,14.97,4.91,2.59,18.35
2012,136,1393,1421,1,27.58,59.21,21.18,40.7,6.39,18.52,13.03,18.85,12.73,22.61,15.82,10.55,9.61,7.09,15.12,21.55,56.0,15.36,35.79,6.18,20.21,11.12,16.67,14.64,22.03,13.52,16.58,5.48,2.88,17.09,25.77,55.0,19.37,36.6,6.4,18.4,20.6,26.7,10.6,22.73,15.3,13.5,8.07,2.23,17.93,25.83,57.07,18.87,37.4,6.97,19.67,13.7,20.6,12.23,21.67,14.87,15.8,6.77,3.37,21.93
2012,136,1433,1455,1,23.21,56.59,15.79,34.62,7.41,21.97,14.56,21.12,12.38,21.29,12.24,11.38,10.62,3.71,18.15,21.0,49.65,16.21,34.56,4.79,15.09,12.97,18.79,10.97,24.21,9.79,17.94,5.76,4.15,18.71,27.39,57.03,20.39,38.13,7.0,18.9,15.13,20.1,10.9,26.97,14.55,12.1,6.0,3.97,17.03,22.13,55.9,16.45,37.81,5.68,18.1,12.81,18.65,9.61,21.68,11.03,12.61,5.48,2.97,18.16
2012,136,1217,1435,0,22.03,47.45,16.24,31.14,5.79,16.31,15.21,20.28,8.55,24.38,12.9,12.52,5.86,4.41,15.17,20.45,50.62,15.9,37.07,4.55,13.55,9.59,14.72,8.86,19.1,9.69,12.07,5.41,3.07,18.48,24.71,53.79,16.06,31.59,8.65,22.21,14.85,21.29,10.41,24.12,12.85,13.18,5.94,4.0,16.03,23.91,57.18,18.41,39.24,5.5,17.94,11.65,16.65,11.44,21.91,11.12,12.74,7.15,3.74,18.26
2012,136,1285,1458,0,24.83,53.07,18.41,36.31,6.41,16.76,15.17,21.1,8.76,24.14,13.83,12.41,7.1,3.76,18.55,21.38,53.28,16.34,37.76,5.03,15.52,14.41,20.79,11.03,22.76,9.38,14.83,5.69,3.62,18.52,22.12,52.21,14.52,31.12,7.61,21.09,12.03,16.24,9.7,24.09,11.67,8.97,5.21,3.48,14.21,19.48,50.82,15.97,38.64,3.52,12.18,10.39,15.21,9.39,22.15,8.03,10.97,4.18,2.36,16.91
2012,137,1153,1400,1,25.06,59.68,17.91,38.82,7.15,20.85,11.24,17.53,13.5,22.71,12.97,10.59,8.12,4.59,15.15,23.03,55.88,17.56,38.62,5.47,17.26,9.65,14.29,12.09,23.91,12.62,14.09,5.18,3.12,15.5,24.73,56.67,18.97,39.06,5.76,17.61,17.85,24.42,13.42,22.76,12.36,12.58,6.82,3.64,19.52,22.64,54.64,16.7,37.79,5.94,16.85,15.61,22.91,12.03,21.12,10.97,13.67,5.85,3.36,21.09
2012,137,1104,1166,0,23.62,52.31,19.59,38.16,4.03,14.16,13.66,19.09,10.81,24.38,12.28,12.94,7.31,4.16,18.41,20.12,51.91,15.28,34.81,4.84,17.09,13.03,20.03,11.44,21.09,10.28,13.59,5.53,3.59,16.5,28.03,55.06,19.85,35.79,8.18,19.27,15.79,21.58,9.52,26.64,17.91,12.27,4.79,2.3,17.06,25.7,58.67,19.24,40.55,6.45,18.12,11.7,17.24,9.42,20.64,13.21,10.39,6.52,2.94,18.97
2012,137,1196,1438,1,26.42,57.36,16.48,31.88,9.94,25.48,13.48,18.94,11.45,23.7,15.0,10.91,6.48,3.27,15.85,24.0,55.42,17.73,37.79,6.27,17.64,11.76,17.03,10.67,22.42,12.36,12.97,5.06,3.03,17.94,22.68,49.32,17.77,34.77,4.9,14.55,12.81,17.68,8.1,24.39,12.32,11.42,6.52,2.81,15.84,19.61,49.55,14.94,33.68,4.68,15.87,9.77,15.42,8.29,20.97,8.35,12.94,6.0,2.42,16.68
2012,137,1199,1382,1,25.27,55.15,19.12,37.73,6.15,17.42,13.64,19.39,11.67,25.03,12.21,16.27,7.61,5.94,18.76,21.42,56.3,15.09,35.52,6.33,20.79,13.73,19.33,12.3,20.97,10.33,15.24,7.48,3.21,18.45,24.1,52.58,18.71,36.77,5.39,15.81,17.1,22.48,11.39,24.29,13.81,14.19,5.71,4.19,18.58,22.42,53.87,16.68,36.16,5.74,17.71,14.42,20.26,10.29,19.87,12.19,12.55,6.84,2.55,19.61
2012,137,1125,1207,0,27.91,58.0,19.09,34.88,8.82,23.12,16.76,22.73,11.52,24.79,17.33,12.21,7.36,2.24,18.27,24.15,56.73,18.24,39.18,5.91,17.55,13.3,20.33,11.64,21.76,12.91,14.36,6.58,4.36,19.27,24.23,52.87,18.77,36.93,5.47,15.93,14.5,20.83,11.3,25.03,13.5,12.6,6.23,4.87,17.83,20.63,53.5,16.0,36.1,4.63,17.4,13.2,19.3,10.9,20.2,11.37,12.93,6.8,2.8,18.97
2012,137,1178,1242,0,24.3,54.67,19.85,39.61,4.45,15.06,17.82,24.06,11.73,21.58,12.58,12.76,7.3,4.48,19.27,23.42,52.64,16.7,34.42,6.73,18.21,14.36,20.36,10.61,21.52,13.06,15.0,5.88,2.64,20.0,26.67,54.94,20.67,38.18,6.0,16.76,15.7,22.55,11.12,25.79,15.61,13.27,7.39,5.64,17.64,21.09,55.06,14.94,37.33,6.15,17.73,13.61,18.88,10.3,20.73,11.06,14.0,6.61,3.12,18.64
2012,137,1181,1250,0,25.76,56.27,17.64,34.67,8.12,21.61,17.88,25.48,11.91,24.67,12.45,12.18,6.24,4.03,18.18,25.52,58.91,21.06,44.85,4.45,14.06,12.97,18.79,11.7,22.39,11.15,12.91,5.67,2.67,20.79,25.75,57.81,18.34,36.94,7.41,20.88,16.72,21.59,10.84,24.72,13.0,11.53,7.81,2.91,17.78,23.19,55.56,17.22,37.66,5.97,17.91,13.06,18.5,10.22,23.66,13.06,14.69,5.69,3.84,18.75
2012,137,1254,1277,0,27.21,57.27,20.64,39.42,6.58,17.85,20.88,28.55,11.88,26.76,14.85,16.18,6.06,3.3,15.79,30.27,68.03,24.03,49.0,6.24,19.03,10.55,15.18,13.79,22.3,15.48,13.85,8.64,3.97,23.58,25.91,54.38,20.38,39.24,5.53,15.15,14.79,21.21,11.74,26.26,15.32,13.0,7.32,4.38,17.62,20.29,53.71,14.71,34.59,5.59,19.12,12.94,18.35,10.03,19.94,10.59,12.85,6.24,2.85,18.76
2012,137,1301,1361,1,26.68,57.65,21.32,42.59,5.35,15.06,14.68,20.74,12.15,25.03,15.97,12.82,6.91,4.06,17.03,24.15,57.76,17.71,38.71,6.44,19.06,13.29,18.71,11.12,21.82,11.47,12.53,6.5,3.38,17.71,25.19,55.65,19.61,39.1,5.58,16.55,14.16,20.16,10.48,26.1,12.32,12.71,5.42,2.32,16.16,23.0,56.77,16.1,36.29,6.9,20.48,11.35,16.19,9.74,22.97,12.06,12.61,5.55,3.16,18.23
2012,137,1281,1313,0,28.0,55.59,19.76,34.76,8.24,20.82,16.06,20.97,9.18,23.03,16.21,10.29,8.21,2.82,14.12,24.62,55.79,18.38,38.59,6.24,17.21,10.26,15.18,10.76,20.76,12.82,14.41,5.26,2.65,18.74,24.31,54.28,18.97,37.25,5.34,17.03,15.59,23.75,11.19,24.94,12.0,14.81,6.53,4.75,19.09,23.38,57.69,17.75,39.22,5.62,18.47,14.38,21.44,12.28,22.22,11.09,13.66,6.59,3.12,20.12
2012,137,1314,1436,1,30.0,65.12,24.94,50.21,5.06,14.91,16.91,24.79,15.68,29.38,17.44,11.76,6.82,5.59,14.79,25.06,63.71,17.76,40.82,7.29,22.88,9.44,14.03,11.24,23.03,11.62,13.44,5.97,3.47,20.85,23.47,52.97,18.06,37.32,5.41,15.65,14.88,20.06,11.06,24.29,13.26,12.35,6.24,2.38,17.32,21.65,53.09,16.29,36.29,5.35,16.79,11.85,17.59,10.38,21.32,9.94,12.76,5.65,3.24,18.76
2012,137,1276,1325,0,23.88,52.09,15.75,29.06,8.12,23.03,10.88,15.06,8.5,22.09,12.75,10.94,4.97,2.09,15.75,22.5,52.34,16.44,35.03,6.06,17.31,11.19,15.69,9.88,21.72,11.22,12.44,5.56,2.53,15.97,24.36,57.09,17.12,35.36,7.24,21.73,14.24,20.91,12.7,21.55,12.94,13.21,9.45,2.7,19.76,20.88,49.91,15.52,32.21,5.36,17.7,15.55,21.7,10.91,23.55,11.12,17.85,6.09,3.39,19.33
2012,137,1345,1388,1,25.55,57.94,17.33,36.15,8.21,21.79,12.88,19.76,11.27,21.76,13.7,8.67,6.55,3.24,17.79,23.58,52.85,17.33,35.3,6.24,17.55,12.61,18.06,9.67,23.94,12.52,12.79,3.88,3.24,17.58,25.47,54.27,18.27,33.37,7.2,20.9,15.67,21.5,11.43,24.77,15.4,11.73,6.8,2.93,15.93,23.5,54.1,18.17,39.6,5.33,14.5,10.53,15.7,8.83,20.37,11.8,11.97,5.67,2.57,19.03
2012,137,1378,1396,1,21.19,48.75,16.59,33.97,4.59,14.78,11.84,16.69,10.38,23.31,11.62,13.69,5.56,3.56,15.38,20.31,51.66,15.19,34.91,5.12,16.75,11.56,16.44,10.47,19.97,11.44,11.25,7.16,3.44,16.06,27.29,57.87,20.0,39.74,7.29,18.13,14.16,19.71,10.52,24.52,15.61,12.52,7.23,4.16,17.68,25.45,58.23,19.87,41.61,5.58,16.61,13.42,19.16,11.29,22.61,12.19,13.42,5.58,3.52,17.32
2012,137,1272,1387,0,26.82,54.26,21.44,39.68,5.38,14.59,16.26,22.59,9.47,24.94,14.76,12.74,7.94,5.68,19.06,21.47,55.85,16.09,38.5,5.38,17.35,14.82,21.38,12.24,20.65,10.97,13.97,6.09,3.56,18.59,24.26,53.45,17.1,34.03,7.16,19.42,13.42,18.77,10.23,22.52,14.0,11.29,6.97,3.03,16.97,20.0,49.06,15.97,36.48,4.03,12.58,13.35,18.35,9.35,21.84,8.84,14.81,5.23,3.65,17.97
2012,137,1323,1462,0,22.91,53.06,16.48,33.55,6.42,19.52,14.24,20.12,10.27,23.76,14.48,10.03,5.18,3.42,13.76,23.33,56.64,18.39,40.73,4.94,15.91,9.91,14.0,11.24,23.21,12.42,10.82,5.45,2.94,17.97,25.12,55.48,20.24,41.52,4.88,13.97,15.67,22.64,10.85,25.58,13.39,12.73,6.09,3.76,18.85,22.82,57.36,16.55,36.88,6.27,20.48,15.55,20.88,11.09,23.33,13.27,12.73,6.45,3.55,19.36
2012,138,1124,1160,1,26.09,56.0,19.36,38.15,6.73,17.85,15.36,20.42,12.12,23.91,14.73,13.85,7.64,4.64,17.64,23.39,56.15,17.12,37.64,6.27,18.52,12.21,17.79,11.7,20.09,13.03,14.36,6.79,3.18,18.82,22.72,51.69,17.16,35.38,5.56,16.31,15.28,22.25,9.56,25.25,11.38,12.56,5.88,3.25,17.09,22.75,55.06,16.5,36.06,6.25,19.0,11.81,17.88,10.06,23.03,10.97,12.25,6.03,3.75,17.84
2012,138,1231,1433,1,25.97,53.3,19.58,38.55,6.39,14.76,18.94,24.85,10.79,24.12,13.42,12.76,6.42,3.36,17.58,23.21,55.09,17.12,37.64,6.09,17.45,13.03,18.85,10.94,19.64,10.58,13.58,6.76,4.03,20.7,23.21,56.59,15.79,34.62,7.41,21.97,14.56,21.12,12.38,21.29,12.24,11.38,10.62,3.71,18.15,21.0,49.65,16.21,34.56,4.79,15.09,12.97,18.79,10.97,24.21,9.79,17.94,5.76,4.15,18.71
2012,138,1235,1246,0,24.88,55.41,16.0,32.03,8.88,23.38,14.56,21.44,10.84,25.88,14.59,12.53,5.88,2.81,16.06,25.38,58.28,19.88,39.81,5.5,18.47,10.47,14.97,9.25,22.88,13.16,11.88,5.75,3.09,18.47,27.32,56.59,21.59,41.15,5.74,15.44,16.29,22.62,12.5,26.62,13.24,11.35,6.32,8.79,14.56,21.53,58.56,15.88,40.97,5.65,17.59,10.29,14.97,11.97,19.94,10.47,11.88,5.5,3.32,18.29
2012,138,1257,1307,1,24.23,57.06,18.34,38.11,5.89,18.94,14.49,21.11,13.14,25.09,13.77,14.66,9.11,4.86,17.86,21.34,56.26,15.8,38.26,5.54,18.0,12.94,19.57,13.11,23.2,11.14,15.86,7.31,3.4,19.03,24.84,54.19,17.16,34.22,7.69,19.97,15.19,21.34,11.09,26.5,16.09,13.31,6.84,3.28,17.62,20.84,54.22,14.72,34.41,6.12,19.81,11.84,17.38,9.94,21.53,11.25,14.25,5.69,2.31,19.59
2012,138,1266,1293,1,26.5,57.72,20.81,40.84,5.69,16.88,17.25,23.94,11.81,24.0,16.84,13.25,8.81,3.5,17.88,23.88,58.78,17.78,39.81,6.09,18.97,12.38,18.28,13.62,22.5,13.91,16.66,7.22,4.09,20.16,24.64,51.82,17.21,33.57,7.43,18.25,17.5,24.04,10.64,22.61,12.54,13.96,8.04,4.29,18.21,22.71,54.0,18.39,39.36,4.32,14.64,12.61,18.96,12.07,20.0,10.5,16.04,6.46,2.71,20.46
2012,138,1211,1326,0,24.94,52.71,18.55,35.71,6.39,17.0,17.71,24.77,10.97,26.16,13.74,13.35,6.81,3.29,15.16,23.55,56.94,17.55,37.71,6.0,19.23,10.1,15.1,10.03,20.58,11.29,13.13,7.19,2.45,20.68,27.59,57.12,22.74,42.24,4.85,14.88,14.74,21.12,11.88,25.06,14.97,11.62,7.21,3.0,16.06,21.35,52.56,15.35,33.91,6.0,18.65,10.35,15.03,8.26,21.26,10.09,14.97,4.91,2.59,18.35
2012,138,1243,1393,0,24.84,56.13,19.13,39.45,5.71,16.68,16.03,24.06,14.23,23.03,14.45,14.48,6.16,4.81,20.13,21.65,53.06,16.35,36.45,5.29,16.61,15.13,22.1,11.71,20.68,11.35,16.19,7.29,3.13,22.23,27.58,59.21,21.18,40.7,6.39,18.52,13.03,18.85,12.73,22.61,15.82,10.55,9.61,7.09,15.12,21.55,56.0,15.36,35.79,6.18,20.21,11.12,16.67,14.64,22.03,13.52,16.58,5.48,2.88,17.09
2012,138,1435,1458,0,24.71,53.79,16.06,31.59,8.65,22.21,14.85,21.29,10.41,24.12,12.85,13.18,5.94,4.0,16.03,23.91,57.18,18.41,39.24,5.5,17.94,11.65,16.65,11.44,21.91,11.12,12.74,7.15,3.74,18.26,22.12,52.21,14.52,31.12,7.61,21.09,12.03,16.24,9.7,24.09,11.67,8.97,5.21,3.48,14.21,19.48,50.82,15.97,38.64,3.52,12.18,10.39,15.21,9.39,22.15,8.03,10.97,4.18,2.36,16.91
2012,139,1153,1199,1,25.06,59.68,17.91,38.82,7.15,20.85,11.24,17.53,13.5,22.71,12.97,10.59,8.12,4.59,15.15,23.03,55.88,17.56,38.62,5.47,17.26,9.65,14.29,12.09,23.91,12.62,14.09,5.18,3.12,15.5,25.27,55.15,19.12,37.73,6.15,17.42,13.64,19.39,11.67,25.03,12.21,16.27,7.61,5.94,18.76,21.42,56.3,15.09,35.52,6.33,20.79,13.73,19.33,12.3,20.97,10.33,15.24,7.48,3.21,18.45
2012,139,1196,1313,1,26.42,57.36,16.48,31.88,9.94,25.48,13.48,18.94,11.45,23.7,15.0,10.91,6.48,3.27,15.85,24.0,55.42,17.73,37.79,6.27,17.64,11.76,17.03,10.67,22.42,12.36,12.97,5.06,3.03,17.94,24.31,54.28,18.97,37.25,5.34,17.03,15.59,23.75,11.19,24.94,12.0,14.81,6.53,4.75,19.09,23.38,57.69,17.75,39.22,5.62,18.47,14.38,21.44,12.28,22.22,11.09,13.66,6.59,3.12,20.12
2012,139,1242,1345,1,26.67,54.94,20.67,38.18,6.0,16.76,15.7,22.55,11.12,25.79,15.61,13.27,7.39,5.64,17.64,21.09,55.06,14.94,37.33,6.15,17.73,13.61,18.88,10.3,20.73,11.06,14.0,6.61,3.12,18.64,25.55,57.94,17.33,36.15,8.21,21.79,12.88,19.76,11.27,21.76,13.7,8.67,6.55,3.24,17.79,23.58,52.85,17.33,35.3,6.24,17.55,12.61,18.06,9.67,23.94,12.52,12.79,3.88,3.24,17.58
2012,139,1277,1387,1,25.91,54.38,20.38,39.24,5.53,15.15,14.79,21.21,11.74,26.26,15.32,13.0,7.32,4.38,17.62,20.29,53.71,14.71,34.59,5.59,19.12,12.94,18.35,10.03,19.94,10.59,12.85,6.24,2.85,18.76,24.26,53.45,17.1,34.03,7.16,19.42,13.42,18.77,10.23,22.52,14.0,11.29,6.97,3.03,16.97,20.0,49.06,15.97,36.48,4.03,12.58,13.35,18.35,9.35,21.84,8.84,14.81,5.23,3.65,17.97
2012,139,1207,1301,0,24.23,52.87,18.77,36.93,5.47,15.93,14.5,20.83,11.3,25.03,13.5,12.6,6.23,4.87,17.83,20.63,53.5,16.0,36.1,4.63,17.4,13.2,19.3,10.9,20.2,11.37,12.93,6.8,2.8,18.97,26.68,57.65,21.32,42.59,5.35,15.06,14.68,20.74,12.15,25.03,15.97,12.82,6.91,4.06,17.03,24.15,57.76,17.71,38.71,6.44,19.06,13.29,18.71,11.12,21.82,11.47,12.53,6.5,3.38,17.71
2012,139,1166,1314,0,28.03,55.06,19.85,35.79,8.18,19.27,15.79,21.58,9.52,26.64,17.91,12.27,4.79,2.3,17.06,25.7,58.67,19.24,40.55,6.45,18.12,11.7,17.24,9.42,20.64,13.21,10.39,6.52,2.94,18.97,30.0,65.12,24.94,50.21,5.06,14.91,16.91,24.79,15.68,29.38,17.44,11.76,6.82,5.59,14.79,25.06,63.71,17.76,40.82,7.29,22.88,9.44,14.03,11.24,23.03,11.62,13.44,5.97,3.47,20.85
2012,139,1325,1378,1,24.36,57.09,17.12,35.36,7.24,21.73,14.24,20.91,12.7,21.55,12.94,13.21,9.45,2.7,19.76,20.88,49.91,15.52,32.21,5.36,17.7,15.55,21.7,10.91,23.55,11.12,17.85,6.09,3.39,19.33,21.19,48.75,16.59,33.97,4.59,14.78,11.84,16.69,10.38,23.31,11.62,13.69,5.56,3.56,15.38,20.31,51.66,15.19,34.91,5.12,16.75,11.56,16.44,10.47,19.97,11.44,11.25,7.16,3.44,16.06
2012,139,1250,1462,0,25.75,57.81,18.34,36.94,7.41,20.88,16.72,21.59,10.84,24.72,13.0,11.53,7.81,2.91,17.78,23.19,55.56,17.22,37.66,5.97,17.91,13.06,18.5,10.22,23.66,13.06,14.69,5.69,3.84,18.75,25.12,55.48,20.24,41.52,4.88,13.97,15.67,22.64,10.85,25.58,13.39,12.73,6.09,3.76,18.85,22.82,57.36,16.55,36.88,6.27,20.48,15.55,20.88,11.09,23.33,13.27,12.73,6.45,3.55,19.36
2012,143,1196,1266,1,26.42,57.36,16.48,31.88,9.94,25.48,13.48,18.94,11.45,23.7,15.0,10.91,6.48,3.27,15.85,24.0,55.42,17.73,37.79,6.27,17.64,11.76,17.03,10.67,22.42,12.36,12.97,5.06,3.03,17.94,26.5,57.72,20.81,40.84,5.69,16.88,17.25,23.94,11.81,24.0,16.84,13.25,8.81,3.5,17.88,23.88,58.78,17.78,39.81,6.09,18.97,12.38,18.28,13.62,22.5,13.91,16.66,7.22,4.09,20.16
2012,143,1257,1277,1,24.23,57.06,18.34,38.11,5.89,18.94,14.49,21.11,13.14,25.09,13.77,14.66,9.11,4.86,17.86,21.34,56.26,15.8,38.26,5.54,18.0,12.94,19.57,13.11,23.2,11.14,15.86,7.31,3.4,19.03,25.91,54.38,20.38,39.24,5.53,15.15,14.79,21.21,11.74,26.26,15.32,13.0,7.32,4.38,17.62,20.29,53.71,14.71,34.59,5.59,19.12,12.94,18.35,10.03,19.94,10.59,12.85,6.24,2.85,18.76
2012,143,1153,1326,0,25.06,59.68,17.91,38.82,7.15,20.85,11.24,17.53,13.5,22.71,12.97,10.59,8.12,4.59,15.15,23.03,55.88,17.56,38.62,5.47,17.26,9.65,14.29,12.09,23.91,12.62,14.09,5.18,3.12,15.5,27.59,57.12,22.74,42.24,4.85,14.88,14.74,21.12,11.88,25.06,14.97,11.62,7.21,3.0,16.06,21.35,52.56,15.35,33.91,6.0,18.65,10.35,15.03,8.26,21.26,10.09,14.97,4.91,2.59,18.35
2012,143,1393,1458,1,27.58,59.21,21.18,40.7,6.39,18.52,13.03,18.85,12.73,22.61,15.82,10.55,9.61,7.09,15.12,21.55,56.0,15.36,35.79,6.18,20.21,11.12,16.67,14.64,22.03,13.52,16.58,5.48,2.88,17.09,22.12,52.21,14.52,31.12,7.61,21.09,12.03,16.24,9.7,24.09,11.67,8.97,5.21,3.48,14.21,19.48,50.82,15.97,38.64,3.52,12.18,10.39,15.21,9.39,22.15,8.03,10.97,4.18,2.36,16.91
2012,144,1124,1462,1,26.09,56.0,19.36,38.15,6.73,17.85,15.36,20.42,12.12,23.91,14.73,13.85,7.64,4.64,17.64,23.39,56.15,17.12,37.64,6.27,18.52,12.21,17.79,11.7,20.09,13.03,14.36,6.79,3.18,18.82,25.12,55.48,20.24,41.52,4.88,13.97,15.67,22.64,10.85,25.58,13.39,12.73,6.09,3.76,18.85,22.82,57.36,16.55,36.88,6.27,20.48,15.55,20.88,11.09,23.33,13.27,12.73,6.45,3.55,19.36
2012,144,1242,1301,1,26.67,54.94,20.67,38.18,6.0,16.76,15.7,22.55,11.12,25.79,15.61,13.27,7.39,5.64,17.64,21.09,55.06,14.94,37.33,6.15,17.73,13.61,18.88,10.3,20.73,11.06,14.0,6.61,3.12,18.64,26.68,57.65,21.32,42.59,5.35,15.06,14.68,20.74,12.15,25.03,15.97,12.82,6.91,4.06,17.03,24.15,57.76,17.71,38.71,6.44,19.06,13.29,18.71,11.12,21.82,11.47,12.53,6.5,3.38,17.71
2012,144,1231,1246,0,25.97,53.3,19.58,38.55,6.39,14.76,18.94,24.85,10.79,24.12,13.42,12.76,6.42,3.36,17.58,23.21,55.09,17.12,37.64,6.09,17.45,13.03,18.85,10.94,19.64,10.58,13.58,6.76,4.03,20.7,27.32,56.59,21.59,41.15,5.74,15.44,16.29,22.62,12.5,26.62,13.24,11.35,6.32,8.79,14.56,21.53,58.56,15.88,40.97,5.65,17.59,10.29,14.97,11.97,19.94,10.47,11.88,5.5,3.32,18.29
2012,144,1314,1325,1,30.0,65.12,24.94,50.21,5.06,14.91,16.91,24.79,15.68,29.38,17.44,11.76,6.82,5.59,14.79,25.06,63.71,17.76,40.82,7.29,22.88,9.44,14.03,11.24,23.03,11.62,13.44,5.97,3.47,20.85,24.36,57.09,17.12,35.36,7.24,21.73,14.24,20.91,12.7,21.55,12.94,13.21,9.45,2.7,19.76,20.88,49.91,15.52,32.21,5.36,17.7,15.55,21.7,10.91,23.55,11.12,17.85,6.09,3.39,19.33
2012,145,1196,1257,0,26.42,57.36,16.48,31.88,9.94,25.48,13.48,18.94,11.45,23.7,15.0,10.91,6.48,3.27,15.85,24.0,55.42,17.73,37.79,6.27,17.64,11.76,17.03,10.67,22.42,12.36,12.97,5.06,3.03,17.94,24.23,57.06,18.34,38.11,5.89,18.94,14.49,21.11,13.14,25.09,13.77,14.66,9.11,4.86,17.86,21.34,56.26,15.8,38.26,5.54,18.0,12.94,19.57,13.11,23.2,11.14,15.86,7.31,3.4,19.03
2012,145,1326,1393,1,27.59,57.12,22.74,42.24,4.85,14.88,14.74,21.12,11.88,25.06,14.97,11.62,7.21,3.0,16.06,21.35,52.56,15.35,33.91,6.0,18.65,10.35,15.03,8.26,21.26,10.09,14.97,4.91,2.59,18.35,27.58,59.21,21.18,40.7,6.39,18.52,13.03,18.85,12.73,22.61,15.82,10.55,9.61,7.09,15.12,21.55,56.0,15.36,35.79,6.18,20.21,11.12,16.67,14.64,22.03,13.52,16.58,5.48,2.88,17.09
2012,146,1242,1314,1,26.67,54.94,20.67,38.18,6.0,16.76,15.7,22.55,11.12,25.79,15.61,13.27,7.39,5.64,17.64,21.09,55.06,14.94,37.33,6.15,17.73,13.61,18.88,10.3,20.73,11.06,14.0,6.61,3.12,18.64,30.0,65.12,24.94,50.21,5.06,14.91,16.91,24.79,15.68,29.38,17.44,11.76,6.82,5.59,14.79,25.06,63.71,17.76,40.82,7.29,22.88,9.44,14.03,11.24,23.03,11.62,13.44,5.97,3.47,20.85
2012,146,1124,1246,0,26.09,56.0,19.36,38.15,6.73,17.85,15.36,20.42,12.12,23.91,14.73,13.85,7.64,4.64,17.64,23.39,56.15,17.12,37.64,6.27,18.52,12.21,17.79,11.7,20.09,13.03,14.36,6.79,3.18,18.82,27.32,56.59,21.59,41.15,5.74,15.44,16.29,22.62,12.5,26.62,13.24,11.35,6.32,8.79,14.56,21.53,58.56,15.88,40.97,5.65,17.59,10.29,14.97,11.97,19.94,10.47,11.88,5.5,3.32,18.29
2012,152,1242,1326,1,26.67,54.94,20.67,38.18,6.0,16.76,15.7,22.55,11.12,25.79,15.61,13.27,7.39,5.64,17.64,21.09,55.06,14.94,37.33,6.15,17.73,13.61,18.88,10.3,20.73,11.06,14.0,6.61,3.12,18.64,27.59,57.12,22.74,42.24,4.85,14.88,14.74,21.12,11.88,25.06,14.97,11.62,7.21,3.0,16.06,21.35,52.56,15.35,33.91,6.0,18.65,10.35,15.03,8.26,21.26,10.09,14.97,4.91,2.59,18.35
2012,152,1246,1257,1,27.32,56.59,21.59,41.15,5.74,15.44,16.29,22.62,12.5,26.62,13.24,11.35,6.32,8.79,14.56,21.53,58.56,15.88,40.97,5.65,17.59,10.29,14.97,11.97,19.94,10.47,11.88,5.5,3.32,18.29,24.23,57.06,18.34,38.11,5.89,18.94,14.49,21.11,13.14,25.09,13.77,14.66,9.11,4.86,17.86,21.34,56.26,15.8,38.26,5.54,18.0,12.94,19.57,13.11,23.2,11.14,15.86,7.31,3.4,19.03
2012,154,1242,1246,0,26.67,54.94,20.67,38.18,6.0,16.76,15.7,22.55,11.12,25.79,15.61,13.27,7.39,5.64,17.64,21.09,55.06,14.94,37.33,6.15,17.73,13.61,18.88,10.3,20.73,11.06,14.0,6.61,3.12,18.64,27.32,56.59,21.59,41.15,5.74,15.44,16.29,22.62,12.5,26.62,13.24,11.35,6.32,8.79,14.56,21.53,58.56,15.88,40.97,5.65,17.59,10.29,14.97,11.97,19.94,10.47,11.88,5.5,3.32,18.29
