TeamID,FGM,FGA,FGM2,FGA2,FGM3,FGA3,FTM,FTA,OR,DR,Ast,TO,Stl,Blk,PF,FGMA,FGAA,FGM2A,FGA2A,FGM3A,FGA3A,FTMA,FTAA,ORA,DRA,AstA,TOA,StlA,BlkA,PFA
1101,24.68,58.1,19.61,43.29,5.06,14.81,16.55,22.48,7.81,21.42,11.94,12.1,7.9,2.1,19.68,26.1,55.71,20.29,38.29,5.81,17.42,15.61,22.52,8.84,25.84,12.13,14.1,6.35,3.45,19.16
1102,23.45,51.74,14.65,27.32,8.81,24.42,10.45,15.32,6.42,19.45,14.55,10.74,6.52,3.94,17.45,24.97,52.61,17.9,33.32,7.06,19.29,15.35,20.55,8.16,21.74,12.45,11.03,5.74,3.1,15.97
1103,25.56,56.34,18.06,32.94,7.5,23.41,13.72,18.94,8.19,23.88,12.31,10.81,5.34,2.88,16.97,24.53,56.94,18.25,36.0,6.28,20.94,11.47,16.53,7.47,21.72,11.12,10.31,6.0,2.56,17.38
1104,30.91,64.75,19.84,34.47,11.06,30.28,17.88,22.81,11.03,25.09,15.91,11.81,7.25,4.06,19.88,27.62,62.69,20.28,39.66,7.34,23.03,18.47,24.84,9.69,21.88,12.41,11.28,7.41,4.31,20.03
1105,22.82,54.73,18.61,39.94,4.21,14.79,18.85,26.21,9.42,22.39,10.42,15.27,7.61,3.88,21.06,24.27,56.91,16.79,35.94,7.48,20.97,19.76,26.36,10.03,22.67,13.15,13.55,9.42,3.39,20.27
1106,22.97,64.45,16.03,39.72,6.93,24.72,13.21,18.38,11.28,22.66,10.21,11.03,8.24,3.59,19.45,22.97,54.59,15.34,32.21,7.62,22.38,17.38,23.69,8.21,27.97,12.24,13.1,6.31,4.97,16.17
1107,28.35,64.06,20.58,40.39,7.77,23.68,13.55,18.68,9.68,23.19,12.61,12.58,8.03,3.16,19.58,28.55,60.61,23.29,42.65,5.26,17.97,17.06,23.58,9.03,23.81,13.29,12.45,7.42,4.65,15.77
1108,25.61,57.77,20.35,42.39,5.26,15.39,15.45,21.58,9.35,21.87,11.65,11.0,6.77,1.81,17.71,26.45,56.94,16.68,30.87,9.77,26.06,15.23,20.84,8.87,21.0,15.87,11.13,6.39,4.06,17.68
1110,24.1,53.9,15.71,29.74,8.39,24.16,11.06,15.29,7.48,21.58,13.58,10.03,5.77,1.68,16.45,24.23,53.16,15.94,30.68,8.29,22.48,11.06,15.84,7.03,21.26,12.58,10.23,5.1,2.52,16.0
1111,28.71,60.48,22.39,41.65,6.32,18.84,13.39,19.55,9.35,27.9,14.0,10.16,5.97,6.52,12.84,26.13,65.52,19.26,44.1,6.87,21.42,9.0,12.97,9.0,22.94,10.71,9.87,7.0,2.35,16.52
1112,31.55,64.52,23.73,43.45,7.82,21.06,17.03,23.7,11.55,27.45,18.58,11.76,8.27,3.48,16.33,26.42,62.48,18.45,38.64,7.97,23.85,11.42,16.06,7.15,21.36,13.91,12.85,7.03,3.76,19.21
1113,24.72,59.38,18.0,36.97,6.72,22.41,12.88,19.66,6.84,23.0,12.03,10.03,8.22,3.66,16.62,26.56,58.97,18.72,35.78,7.84,23.19,13.03,18.41,8.84,28.62,15.25,13.09,5.81,2.66,16.72
1114,28.09,59.52,21.82,41.12,6.27,18.39,14.91,19.91,9.45,23.85,14.7,11.3,6.0,4.73,17.67,24.82,59.18,17.67,36.82,7.15,22.36,15.39,20.82,9.15,21.39,11.73,11.97,5.52,2.97,17.09
1115,24.11,56.7,13.89,28.67,10.22,28.04,17.3,22.81,6.33,23.15,13.3,12.85,5.41,1.81,18.33,30.22,64.93,22.41,40.04,7.81,24.89,15.44,21.07,11.0,25.67,16.74,10.93,7.04,3.52,18.67
1116,26.03,57.52,20.0,38.58,6.03,18.94,19.67,26.03,7.24,24.09,11.73,11.21,6.0,6.06,19.85,27.55,61.79,20.39,40.7,7.15,21.09,17.55,24.12,9.03,23.88,12.94,10.82,6.45,2.91,20.76
1117,27.47,62.26,18.03,35.18,9.44,27.09,14.35,20.38,11.15,24.29,14.47,10.76,5.59,4.41,17.65,27.47,60.24,21.68,43.88,5.79,16.35,16.41,21.53,8.65,23.35,11.12,9.59,7.12,4.21,16.53
1119,21.87,54.83,14.0,30.1,7.87,24.73,8.33,13.93,7.97,22.37,12.3,11.07,5.63,3.7,16.13,23.37,53.43,16.37,32.33,7.0,21.1,11.93,16.9,7.03,24.27,13.07,9.87,6.87,3.07,15.03
1120,28.91,60.82,20.88,38.03,8.03,22.79,17.47,23.24,9.79,24.68,17.91,10.15,7.41,6.21,19.21,22.35,58.12,16.59,38.76,5.76,19.35,17.56,23.85,10.03,21.41,9.56,12.0,6.56,3.24,18.97
1122,26.35,59.29,18.9,38.68,7.45,20.61,13.42,18.87,9.16,21.42,10.48,8.16,6.71,2.65,17.97,26.29,56.1,19.29,35.68,7.0,20.42,15.0,21.19,8.68,23.19,12.16,10.42,4.39,3.48,16.16
1123,24.1,54.9,16.59,34.07,7.52,20.83,16.24,20.97,7.48,23.48,12.41,11.9,5.14,3.03,15.03,26.83,59.45,19.48,38.52,7.34,20.93,11.72,16.41,8.1,22.55,12.62,10.41,6.62,3.1,18.79
1124,27.25,56.75,18.69,35.0,8.56,21.75,17.0,22.97,9.41,22.41,14.69,11.38,6.38,3.12,16.81,25.81,56.91,19.03,36.69,6.78,20.22,12.84,17.59,7.56,19.0,13.66,10.91,7.0,3.44,19.25
1125,27.66,58.56,18.53,34.03,9.12,24.53,12.97,17.72,6.0,25.28,15.28,11.5,7.25,2.97,15.59,27.84,62.53,19.62,37.62,8.22,24.91,12.16,16.88,8.78,24.44,15.12,11.41,6.59,2.94,16.41
1126,24.0,56.71,18.55,39.55,5.45,17.16,16.77,22.1,8.65,20.94,11.55,13.74,9.55,3.29,20.81,23.84,54.45,17.16,35.0,6.68,19.45,18.94,26.52,9.55,23.1,14.26,15.0,8.61,3.0,18.0
1127,25.61,57.18,20.36,39.64,5.25,17.54,13.21,19.61,8.36,25.86,14.0,12.04,4.68,3.64,17.07,25.46,58.75,17.64,36.43,7.82,22.32,15.0,20.46,7.18,23.39,11.14,8.75,6.79,4.64,17.21
1129,25.53,57.13,17.6,34.37,7.93,22.77,15.27,20.63,9.53,23.43,11.97,10.4,5.77,2.4,16.83,24.27,54.93,18.07,34.67,6.2,20.27,13.13,18.2,6.43,21.67,11.53,10.63,5.73,3.9,17.33
1130,27.38,59.88,19.06,36.82,8.32,23.06,11.47,15.29,8.03,24.21,14.12,10.44,6.0,3.53,15.82,25.91,59.06,18.18,36.71,7.74,22.35,12.53,16.76,8.12,23.85,13.26,10.56,6.29,3.21,15.26
1131,23.03,56.03,15.53,33.19,7.5,22.84,12.22,16.91,7.75,24.69,12.62,11.06,6.53,3.09,17.5,23.06,53.72,15.44,31.69,7.62,22.03,13.41,19.44,6.31,23.88,11.59,10.78,6.59,3.0,15.81
1132,25.74,60.06,19.58,39.16,6.16,20.9,14.97,21.13,9.48,24.9,10.81,10.84,6.06,2.58,16.1,26.68,59.58,19.1,39.0,7.58,20.58,11.0,16.32,7.42,23.71,12.55,10.61,6.19,3.84,17.87
1133,27.16,56.91,18.12,32.94,9.03,23.97,11.41,15.62,7.94,23.59,13.25,11.59,7.22,4.03,16.88,23.03,55.81,16.0,34.62,7.03,21.19,14.56,19.94,8.5,21.38,11.56,11.78,6.78,1.91,15.44
1135,25.03,58.37,17.03,34.63,8.0,23.73,12.6,19.23,10.37,23.3,13.27,11.93,6.0,4.17,17.0,26.1,58.13,18.73,35.9,7.37,22.23,12.97,18.63,7.9,23.53,13.4,10.67,6.9,3.27,17.63
1136,27.84,62.48,20.13,38.87,7.71,23.61,12.42,18.68,7.1,27.45,14.13,11.71,7.0,6.32,17.23,26.32,65.84,19.19,42.68,7.13,23.16,15.55,22.26,10.42,28.65,12.26,12.42,7.35,3.32,17.19
1137,22.97,53.64,14.82,29.55,8.15,24.09,11.15,15.58,6.85,22.39,12.09,11.33,6.12,3.42,16.94,23.67,55.48,16.09,32.09,7.58,23.39,12.27,17.48,8.21,22.58,14.24,10.18,6.36,3.15,16.18
1138,24.77,59.53,18.0,34.9,6.77,24.63,11.0,15.47,8.37,22.07,12.97,13.53,6.13,4.4,15.63,29.4,61.87,21.47,40.13,7.93,21.73,12.87,17.77,9.37,24.9,15.77,9.93,7.53,2.83,14.33
1139,27.71,61.35,19.55,37.94,8.16,23.42,13.06,16.55,7.13,24.48,14.68,10.48,6.16,3.23,14.03,27.77,63.35,20.03,39.55,7.74,23.81,10.55,14.26,9.16,24.39,13.03,10.77,7.1,4.03,15.48
1140,29.39,63.58,18.18,31.36,11.21,32.21,11.85,16.06,10.12,26.09,18.61,10.36,5.94,3.0,17.7,25.15,59.0,18.76,38.91,6.39,20.09,13.21,18.94,7.06,22.39,11.88,10.76,6.03,2.21,15.24
1141,24.42,58.81,18.19,38.13,6.23,20.68,10.65,16.1,9.03,23.58,11.23,11.1,5.9,3.68,16.45,24.48,59.77,16.87,35.39,7.61,24.39,13.61,18.29,10.13,24.65,12.77,10.45,5.74,3.35,15.39
1142,22.35,55.42,16.13,36.58,6.23,18.84,12.19,17.32,6.87,20.23,9.77,12.03,5.39,3.58,19.1,25.58,55.42,19.61,38.65,5.97,16.77,17.35,23.23,9.68,25.19,12.0,10.94,6.52,3.26,17.26
1143,26.03,61.88,17.25,35.91,8.78,25.97,13.12,18.06,8.97,25.0,12.09,10.88,6.03,2.59,17.25,27.28,60.91,19.41,38.84,7.88,22.06,14.59,20.19,7.91,24.66,12.81,10.12,5.91,3.56,16.16
1144,24.38,53.83,17.21,33.07,7.17,20.76,13.03,18.14,6.17,22.55,12.69,11.83,5.83,2.31,15.14,27.28,60.93,18.28,34.55,9.0,26.38,10.38,14.38,10.03,23.1,13.93,10.52,6.76,3.28,16.72
1145,25.97,59.48,18.9,38.03,7.06,21.45,10.13,16.35,10.45,23.19,12.42,12.26,6.0,3.32,16.13,27.03,59.1,20.58,40.32,6.45,18.77,11.68,16.55,8.35,22.65,13.81,10.61,6.68,2.87,15.0
1146,24.63,60.03,16.87,37.33,7.77,22.7,13.2,17.57,8.87,22.3,13.23,12.4,6.6,3.23,17.4,27.9,60.6,18.23,35.1,9.67,25.5,14.83,20.4,9.17,24.73,13.33,10.27,7.7,2.93,15.83
1148,25.24,56.79,18.66,36.69,6.59,20.1,13.24,18.72,7.97,24.31,13.69,10.69,6.97,4.59,13.79,25.31,58.17,18.17,37.69,7.14,20.48,10.55,15.52,8.0,22.83,14.17,11.17,6.86,3.21,15.97
1149,22.37,56.56,16.0,36.26,6.37,20.3,12.93,17.67,8.3,22.3,9.19,11.81,3.67,3.0,17.26,27.22,59.33,21.26,40.67,5.96,18.67,14.07,19.89,8.52,24.85,12.15,8.52,6.3,2.96,15.96
1150,23.8,53.1,17.47,32.83,6.33,20.27,14.07,18.7,7.0,22.73,12.57,9.4,5.13,3.37,15.8,23.8,55.6,17.47,35.27,6.33,20.33,12.4,17.5,8.47,21.93,10.7,9.1,5.97,2.63,16.37
1151,26.48,57.84,16.06,28.65,10.42,29.19,13.39,17.87,7.65,25.65,13.13,10.97,6.19,3.45,16.06,26.29,61.81,17.19,35.87,9.1,25.94,11.45,16.87,9.32,22.55,12.61,9.71,6.39,2.84,16.0
1152,22.07,54.41,16.52,35.81,5.56,18.59,14.78,21.15,9.52,18.67,9.74,13.07,8.41,2.85,18.04,25.67,54.3,19.44,35.15,6.22,19.15,13.67,19.78,9.67,21.78,12.89,13.48,7.0,3.04,17.11
1153,27.62,62.5,20.29,39.91,7.32,22.59,12.06,17.41,11.85,24.88,14.65,11.41,6.65,4.41,15.29,24.21,57.76,17.62,38.0,6.59,19.76,12.88,17.09,7.62,20.97,12.74,11.56,6.71,3.71,15.94
1154,24.76,54.83,18.76,36.55,6.0,18.28,13.07,18.48,7.28,22.55,10.83,11.21,5.38,2.62,13.93,27.21,58.52,19.0,35.17,8.21,23.34,9.59,13.14,7.69,21.97,14.97,10.21,6.69,4.14,16.69
1155,27.44,58.66,19.09,35.09,8.34,23.56,14.19,17.97,8.03,25.88,14.66,9.75,4.5,3.94,15.78,24.72,59.16,16.56,35.16,8.16,24.0,13.72,18.44,7.5,22.75,10.91,8.81,6.09,2.38,15.88
1156,27.85,62.42,21.3,42.88,6.55,19.55,13.21,19.61,11.36,21.06,13.15,9.94,7.82,3.94,18.85,26.03,56.88,19.45,35.33,6.58,21.55,15.27,21.85,10.36,23.18,13.21,12.91,5.48,3.15,16.97
1157,26.24,59.48,19.97,39.93,6.28,19.55,13.03,19.34,8.9,26.93,12.03,13.28,5.55,3.0,16.0,27.9,65.79,17.76,35.1,10.14,30.69,13.45,19.38,10.62,24.24,15.76,8.83,8.48,3.59,16.34
1158,28.48,64.39,17.94,34.09,10.55,30.3,12.48,17.3,11.18,24.45,15.27,9.61,6.09,3.12,15.91,26.7,60.21,19.18,38.0,7.52,22.21,12.03,17.03,7.97,23.39,11.42,10.79,6.18,3.42,16.24
1159,26.03,55.88,18.39,34.48,7.64,21.39,10.48,15.42,7.12,26.33,14.73,10.24,6.03,3.42,13.55,23.85,57.79,17.0,34.88,6.85,22.91,9.48,14.15,7.55,22.82,12.61,10.27,5.76,2.52,14.36
1160,28.32,57.44,21.44,39.97,6.88,17.47,15.76,20.26,8.26,25.71,15.88,12.06,5.94,2.15,14.85,26.24,60.09,19.47,38.85,6.76,21.24,11.94,16.88,7.35,19.82,11.32,10.24,7.32,3.71,17.88
1161,27.09,56.16,19.94,34.62,7.16,21.53,13.78,18.28,6.44,23.38,17.81,9.62,6.12,3.03,17.06,24.59,56.47,18.06,37.25,6.53,19.22,13.31,17.94,8.38,22.62,11.97,10.41,5.22,2.97,17.09
1162,26.38,58.25,18.0,35.83,8.38,22.42,12.5,17.08,7.54,23.04,16.29,11.75,6.96,2.38,16.67,27.17,59.58,18.62,34.42,8.54,25.17,12.46,17.0,8.25,22.88,15.54,11.5,6.46,4.21,15.5
1163,29.09,58.65,20.29,34.68,8.79,23.97,14.5,19.53,10.09,25.18,18.53,9.12,6.24,5.38,16.24,22.56,56.68,16.56,37.88,6.0,18.79,13.29,18.41,7.59,18.44,10.38,10.09,5.5,2.88,16.85
1164,20.17,54.17,14.9,35.55,5.28,18.62,12.24,16.86,8.0,18.69,8.21,14.66,7.66,2.79,17.69,24.93,55.62,17.72,34.72,7.21,20.9,15.76,21.31,10.72,24.83,14.62,13.79,8.93,3.38,15.69
1165,28.89,59.93,19.0,30.78,9.89,29.15,12.63,17.26,7.59,23.78,17.0,11.85,8.04,2.48,18.63,26.78,60.37,18.33,34.93,8.44,25.44,12.74,19.7,9.67,22.89,14.04,12.22,6.78,2.93,16.33
1166,29.22,60.06,18.62,30.72,10.59,29.34,11.5,14.72,7.12,28.28,17.12,9.81,3.97,4.12,11.31,27.75,66.06,21.97,48.09,5.78,17.97,8.44,10.72,8.34,22.75,11.34,7.47,6.12,2.78,14.66
1167,24.6,57.37,19.87,42.6,4.73,14.77,13.27,18.33,9.87,21.07,10.2,11.3,6.43,3.47,20.47,22.97,52.57,16.37,33.3,6.6,19.27,17.87,24.53,8.5,21.33,11.83,11.87,6.0,3.17,16.97
1168,22.63,53.73,16.37,34.3,6.27,19.43,14.87,20.73,7.4,22.7,8.33,11.9,6.57,3.1,18.0,24.57,56.17,17.67,34.47,6.9,21.7,14.37,20.0,8.83,24.67,12.57,11.73,6.17,2.8,17.93
1169,26.91,59.88,22.16,44.06,4.75,15.81,15.22,22.53,9.19,25.72,13.47,13.59,7.28,3.31,21.34,24.28,59.28,15.53,32.88,8.75,26.41,17.12,23.44,7.94,23.06,14.38,12.31,7.88,3.44,19.53
1170,22.28,53.03,15.19,31.16,7.09,21.88,12.53,17.44,9.38,21.88,12.0,13.94,5.06,2.66,17.06,25.59,54.03,18.28,33.16,7.31,20.88,12.84,17.69,6.84,19.72,13.53,9.72,7.62,3.09,16.66
1171,21.76,53.08,14.68,30.36,7.08,22.72,9.96,14.76,6.0,24.04,12.08,12.28,4.2,3.48,14.16,27.08,58.44,17.92,33.68,9.16,24.76,10.0,14.24,6.48,25.48,14.2,8.32,7.8,2.88,15.6
1172,24.0,56.13,17.1,33.67,6.9,22.47,13.7,18.8,7.73,24.27,12.13,10.17,6.47,3.27,16.2,23.93,56.3,16.17,32.63,7.77,23.67,12.63,18.47,8.5,24.0,12.7,10.87,6.43,3.4,17.13
1173,25.35,53.16,15.84,29.48,9.52,23.68,14.52,19.77,7.06,23.84,14.77,9.65,5.39,4.0,13.42,24.61,59.26,17.03,35.32,7.58,23.94,9.48,12.94,8.71,21.32,12.48,9.52,5.74,2.97,16.61
1174,26.5,57.59,19.72,37.03,6.78,20.56,12.56,17.78,7.53,24.28,13.53,10.5,5.38,2.94,14.91,25.72,59.84,18.91,38.06,6.81,21.78,11.47,16.22,8.22,23.25,11.97,9.69,6.44,3.84,15.78
1175,23.97,57.0,19.45,42.52,4.52,14.48,16.06,22.71,9.81,21.39,11.42,14.16,8.42,1.9,17.35,24.35,55.68,16.42,33.48,7.94,22.19,14.48,20.16,9.29,21.42,12.97,14.35,7.35,2.87,19.03
1176,27.57,61.8,18.67,36.43,8.9,25.37,15.5,21.6,8.03,22.9,12.63,9.87,5.93,3.73,17.27,29.73,61.7,21.67,39.8,8.07,21.9,14.57,19.73,7.97,24.97,13.3,9.8,4.9,4.07,18.1
1177,22.66,53.56,16.41,34.91,6.25,18.66,13.16,17.94,5.59,20.84,12.25,12.69,5.25,3.09,15.06,29.66,60.88,20.12,35.84,9.53,25.03,12.91,17.31,9.06,24.31,17.25,9.59,7.69,3.56,16.84
1178,23.78,56.41,17.94,35.62,5.84,20.78,12.56,17.09,7.62,19.22,10.72,12.31,6.94,2.44,17.28,28.78,58.69,20.69,36.84,8.09,21.84,14.59,18.72,10.0,23.66,15.06,11.56,6.16,3.03,16.09
1179,28.42,59.58,19.82,35.97,8.61,23.61,14.82,19.42,6.76,25.0,15.88,8.88,6.39,1.58,16.24,25.39,57.09,18.0,34.67,7.39,22.42,12.42,17.7,6.64,23.61,10.58,11.82,5.48,2.58,17.27
1180,26.29,58.55,19.68,39.13,6.61,19.42,12.71,17.55,10.03,25.77,12.13,10.32,4.74,3.87,15.45,24.77,58.68,18.26,37.9,6.52,20.77,11.06,15.68,7.29,21.16,10.84,8.26,5.52,3.13,16.1
1181,28.53,59.22,20.19,37.09,8.34,22.12,14.44,20.0,9.0,24.47,15.34,9.38,6.44,3.66,15.78,24.91,57.59,18.25,37.16,6.66,20.44,10.97,15.91,7.72,21.47,12.62,10.91,5.34,4.38,16.09
1182,24.53,56.59,16.91,34.12,7.62,22.47,13.38,18.74,8.76,22.91,13.21,11.35,7.47,4.38,17.26,23.18,55.0,16.68,34.47,6.5,20.53,13.74,19.44,8.74,22.53,12.12,12.21,6.35,3.88,17.12
1183,23.89,59.57,18.29,41.96,5.61,17.61,11.93,16.21,8.57,21.64,11.43,10.04,7.5,2.93,18.43,24.39,53.75,17.25,33.79,7.14,19.96,14.5,20.14,7.89,25.64,13.68,12.96,5.36,4.61,14.61
1184,27.68,62.14,20.14,41.25,7.54,20.89,13.61,19.89,10.61,24.25,13.04,10.61,5.32,6.0,16.29,27.5,63.5,19.29,42.29,8.21,21.21,14.21,18.75,9.75,23.25,13.29,9.32,7.04,2.57,16.46
1185,25.14,58.59,19.31,39.69,5.83,18.9,9.83,14.62,8.21,22.0,10.28,10.72,5.69,2.31,16.76,26.76,58.59,19.38,35.45,7.38,23.14,12.72,18.48,9.21,24.72,13.48,10.24,6.62,3.17,14.76
1186,27.17,54.9,18.7,31.87,8.47,23.03,16.73,21.77,6.8,23.33,16.93,13.27,5.67,3.4,18.63,26.8,59.43,17.63,34.57,9.17,24.87,14.8,19.93,8.13,20.97,13.87,11.07,6.97,2.53,20.03
1187,24.25,57.84,17.66,36.72,6.59,21.12,13.53,19.69,10.03,21.22,12.06,10.47,7.75,2.84,15.81,24.47,55.44,16.53,31.44,7.94,24.0,13.69,18.16,8.84,22.19,13.09,11.97,6.03,3.5,16.28
1188,24.33,59.1,17.27,37.37,7.07,21.73,13.7,18.83,8.83,22.47,10.33,9.8,6.3,3.9,16.93,24.4,55.07,16.93,34.43,7.47,20.63,14.7,20.47,7.6,23.93,12.93,10.97,5.7,3.77,16.5
1189,24.23,56.53,15.53,31.83,8.7,24.7,13.1,18.53,8.27,21.47,12.63,11.4,6.0,2.47,16.07,27.77,59.87,19.57,35.9,8.2,23.97,12.5,17.4,9.97,22.33,15.23,10.0,6.17,3.23,16.47
1190,24.48,60.36,16.79,35.67,7.7,24.7,13.76,20.48,11.91,22.58,11.15,11.64,7.45,4.61,18.36,24.7,55.61,17.48,34.18,7.21,21.42,14.18,20.42,8.42,23.64,11.73,11.91,6.82,3.36,16.76
1191,25.56,57.88,18.78,37.75,6.78,20.12,12.22,16.81,6.28,24.09,12.88,10.97,6.28,3.06,15.31,26.53,59.0,17.31,33.31,9.22,25.69,12.16,16.44,7.56,25.28,14.53,11.16,6.5,3.09,16.09
1192,25.27,61.93,17.53,37.57,7.73,24.37,15.03,21.6,10.3,24.53,14.37,12.53,7.9,2.47,17.93,28.0,61.37,19.13,36.53,8.87,24.83,13.57,19.67,10.63,28.2,15.07,13.77,7.1,3.47,18.3
1193,26.85,60.29,17.62,35.0,9.24,25.29,12.85,16.91,8.59,22.09,13.41,10.35,8.62,2.26,14.59,26.44,58.18,19.15,36.65,7.29,21.53,10.47,15.0,9.0,23.56,13.59,12.97,5.56,3.0,15.53
1194,29.39,61.12,20.94,37.39,8.45,23.73,15.3,21.24,9.85,25.06,15.0,10.82,7.12,3.03,16.03,26.76,61.39,19.27,39.12,7.48,22.27,12.27,16.88,9.42,20.85,10.15,11.12,5.82,2.52,18.12
1195,25.48,56.14,17.9,35.21,7.59,20.93,10.69,15.28,8.24,22.24,11.28,10.86,6.0,3.1,14.83,25.62,56.79,16.9,32.48,8.72,24.31,11.62,16.66,7.66,21.34,13.28,9.9,6.52,2.69,14.93
1196,29.77,65.2,22.09,42.71,7.69,22.49,17.91,25.17,13.03,26.71,14.83,11.31,6.66,5.2,18.34,28.09,64.49,21.29,43.4,6.8,21.09,15.57,22.06,9.6,22.71,11.34,10.29,7.49,4.09,19.4
1197,24.11,56.81,18.33,39.85,5.78,16.96,11.04,15.93,8.0,22.7,13.56,14.19,5.93,2.85,18.44,26.74,59.0,19.11,37.41,7.63,21.59,15.56,23.11,9.63,24.07,13.04,11.15,8.26,3.81,15.11
1198,25.84,60.38,17.56,35.22,8.28,25.16,11.38,17.12,8.19,18.38,13.31,12.91,10.09,3.97,17.88,27.38,56.59,19.16,36.22,8.22,20.38,14.22,20.31,9.91,25.72,15.09,16.19,7.06,3.66,16.12
1199,27.36,60.45,21.3,41.36,6.06,19.09,15.76,22.27,8.79,21.61,12.3,11.58,9.24,4.24,19.73,26.03,57.33,18.27,35.42,7.76,21.91,16.48,23.48,9.7,24.21,12.58,14.58,5.61,2.91,18.67
1200,24.18,60.39,16.15,34.94,8.03,25.45,14.06,21.21,11.27,22.45,12.64,12.12,8.0,4.67,20.18,24.39,54.33,18.36,37.52,6.03,16.82,17.58,24.55,6.94,24.64,12.21,13.24,6.76,3.85,18.42
1201,24.56,54.44,17.59,33.47,6.97,20.97,11.28,16.56,6.56,21.72,12.38,11.72,6.03,2.38,15.81,27.34,59.12,19.22,37.09,8.12,22.03,11.34,16.53,8.88,22.47,13.72,9.88,6.06,3.91,15.81
1202,27.37,62.07,17.43,32.13,9.93,29.93,14.17,19.27,9.27,24.33,15.97,11.03,6.9,2.67,16.27,28.7,61.1,21.4,39.7,7.3,21.4,12.0,17.43,7.97,24.57,14.33,10.97,6.73,3.7,16.37
1203,26.19,59.48,17.32,34.71,8.87,24.77,15.16,20.35,7.45,26.06,12.16,11.84,5.9,4.81,14.58,28.55,66.26,19.71,40.77,8.84,25.48,11.45,15.13,9.06,24.65,13.87,9.45,6.74,3.61,16.0
1204,25.67,59.7,16.3,33.09,9.36,26.61,12.64,17.27,8.61,21.91,10.73,12.88,6.91,4.0,20.06,26.88,58.97,19.27,37.52,7.61,21.45,17.88,25.39,10.18,24.24,13.27,11.73,7.52,4.09,15.52
1205,25.57,59.47,18.27,38.5,7.3,20.97,13.47,21.37,8.9,23.97,12.43,10.73,5.87,2.33,19.5,25.87,58.03,19.17,38.33,6.7,19.7,16.4,22.87,8.1,25.17,12.17,10.9,5.73,3.7,17.67
1206,24.52,53.81,17.58,33.61,6.94,20.19,14.65,19.74,8.48,23.87,11.45,10.97,5.48,3.32,16.48,22.65,55.55,14.61,32.45,8.03,23.1,12.77,17.65,7.97,20.68,11.48,9.77,6.68,3.58,17.71
1207,24.22,58.34,15.94,34.41,8.28,23.94,14.12,19.78,10.22,20.28,12.22,11.41,5.72,3.06,16.66,28.16,57.53,20.41,35.56,7.75,21.97,13.81,19.31,8.38,22.69,15.62,10.53,7.5,3.91,16.78
1208,25.21,58.73,17.18,34.82,8.03,23.91,16.33,22.58,7.82,23.61,11.73,11.03,6.39,3.09,16.58,26.73,61.48,18.97,38.15,7.76,23.33,13.36,18.58,9.27,24.33,14.52,11.06,6.42,4.21,18.42
1209,26.86,62.79,19.72,40.62,7.14,22.17,13.59,17.97,8.62,24.21,11.03,9.38,5.45,2.62,17.93,26.72,61.66,19.41,37.9,7.31,23.76,15.69,22.1,9.83,25.48,13.24,9.62,5.69,4.1,15.97
1210,25.31,60.12,17.38,35.75,7.94,24.38,12.44,17.53,10.0,25.0,13.28,11.62,4.38,4.0,16.47,26.44,61.75,18.5,37.41,7.94,24.34,14.41,19.5,8.81,23.12,13.44,8.41,6.91,3.19,16.25
1211,31.39,61.39,24.55,42.13,6.84,19.26,14.03,19.32,9.35,25.71,16.35,9.45,6.94,3.9,15.74,25.1,61.23,17.42,38.61,7.68,22.61,11.48,15.81,8.97,20.03,12.1,10.48,5.42,2.71,16.9
1212,22.58,52.35,17.26,36.74,5.32,15.61,14.65,20.74,7.74,20.61,9.16,12.74,7.13,3.1,16.16,24.29,55.9,18.0,37.23,6.29,18.68,14.0,18.97,9.42,21.48,13.39,12.03,7.32,2.9,16.29
1213,26.0,56.72,18.97,36.25,7.03,20.47,19.38,25.72,9.94,24.12,11.75,11.78,8.06,5.12,18.19,23.16,57.28,16.88,38.03,6.28,19.25,14.09,19.91,8.53,20.25,11.12,13.03,5.94,2.56,20.31
1214,24.2,59.43,17.1,36.47,7.1,22.97,12.47,17.47,8.67,22.3,11.7,12.3,5.57,3.6,16.3,28.07,62.33,19.83,38.03,8.23,24.3,14.13,18.63,9.9,25.63,13.9,9.87,7.23,2.93,16.13
1217,24.31,55.81,16.88,33.85,7.42,21.96,14.04,19.92,7.54,23.38,12.62,11.5,6.35,4.19,15.15,26.54,61.5,18.04,36.42,8.5,25.08,11.0,15.88,9.46,24.0,14.12,10.12,6.81,3.85,17.04
1218,24.41,53.75,16.66,30.94,7.75,22.81,15.25,20.94,6.5,23.72,11.88,11.66,4.53,2.56,17.62,25.44,57.06,20.97,42.56,4.47,14.5,13.97,19.16,6.81,21.81,9.5,10.09,6.31,2.47,18.34
1219,26.94,59.03,19.0,35.45,7.94,23.58,20.52,26.19,11.26,24.39,11.13,10.65,4.97,3.26,18.74,26.26,58.55,19.94,40.19,6.32,18.35,16.16,22.39,7.32,20.39,11.61,9.65,4.87,2.9,21.48
1220,26.97,57.53,17.22,31.03,9.75,26.5,9.69,12.81,5.88,23.03,14.97,9.91,6.12,3.44,14.62,23.97,57.5,15.53,33.12,8.44,24.38,12.72,16.69,8.53,23.09,12.91,11.16,5.56,2.56,14.25
1221,24.38,56.0,17.0,34.91,7.38,21.09,9.69,14.53,6.72,22.75,10.69,10.59,4.0,3.22,16.38,26.66,58.06,17.75,35.03,8.91,23.03,12.84,17.78,8.03,24.81,14.09,7.91,6.47,3.16,14.22
1222,26.35,60.74,18.65,38.5,7.71,22.24,12.62,18.18,12.35,22.41,12.94,8.35,10.0,4.74,17.79,18.91,49.91,12.79,29.5,6.12,20.41,13.03,19.44,8.47,21.21,11.38,14.91,5.09,2.85,16.03
1223,25.22,59.04,20.33,42.48,4.89,16.56,14.0,21.85,9.11,22.7,10.44,14.96,5.33,2.7,14.74,31.81,66.07,24.15,43.52,7.67,22.56,13.52,18.89,10.89,24.96,16.59,9.63,9.26,4.89,17.85
1224,24.59,55.06,16.56,33.66,8.03,21.41,17.44,23.25,9.06,22.88,13.59,13.81,5.91,2.91,18.88,26.34,58.28,19.75,38.91,6.59,19.38,15.97,22.78,9.09,19.91,12.34,11.34,7.59,3.66,18.97
1225,23.87,55.03,16.3,32.47,7.57,22.57,10.9,14.7,5.97,21.13,11.67,10.83,5.53,3.03,17.93,25.3,54.23,17.83,33.37,7.47,20.87,14.73,20.17,7.67,23.93,13.47,10.53,6.47,3.53,14.9
1226,25.19,55.44,18.94,36.03,6.25,19.41,12.75,18.56,8.44,20.12,11.53,10.53,6.72,3.44,16.38,26.41,53.81,20.59,37.66,5.81,16.16,13.12,17.56,6.94,21.12,12.44,11.47,6.34,2.31,17.88
1227,25.19,58.16,16.66,34.44,8.53,23.72,10.47,15.12,6.62,23.0,13.47,11.91,6.12,5.16,17.72,25.06,57.94,18.53,37.66,6.53,20.28,15.62,20.81,7.53,25.75,13.12,11.44,6.62,3.62,14.56
1228,29.29,62.18,20.97,38.35,8.32,23.82,17.5,23.5,11.38,26.68,13.0,10.29,4.24,3.79,15.35,27.62,63.94,21.5,46.09,6.12,17.85,12.44,17.35,8.44,21.44,11.76,8.47,5.59,3.18,18.74
1229,23.1,54.65,17.19,34.13,5.9,20.52,14.13,19.71,8.61,22.97,12.23,10.84,5.52,2.16,15.71,24.84,55.84,17.65,33.71,7.19,22.13,11.16,15.19,7.32,22.45,12.71,10.06,5.29,3.23,18.0
1230,24.03,57.48,16.72,34.66,7.31,22.83,15.41,21.31,9.31,23.52,11.72,14.66,5.83,3.97,19.03,27.21,59.76,19.66,39.17,7.55,20.59,17.31,24.31,9.03,23.45,14.41,10.28,8.48,3.93,17.93
1231,26.64,55.97,21.61,40.42,5.03,15.55,14.0,21.09,7.76,24.42,15.27,11.73,5.18,4.03,16.94,25.61,61.0,17.0,35.88,8.61,25.12,14.48,19.3,9.15,22.91,13.52,9.91,7.48,3.03,18.52
1232,29.12,57.79,18.18,29.3,10.94,28.48,15.06,18.76,5.82,26.91,17.3,11.48,6.03,1.79,16.42,26.82,61.79,19.91,40.82,6.91,20.97,11.82,15.76,7.06,21.85,10.39,10.55,6.24,3.45,16.67
1233,25.97,60.12,17.76,36.85,8.21,23.27,11.18,17.15,8.88,19.79,14.3,9.3,8.85,2.91,17.82,24.36,52.91,17.18,31.76,7.18,21.15,14.67,19.85,7.94,24.27,13.76,14.21,5.55,3.85,15.06
1234,30.09,63.28,23.59,44.53,6.5,18.75,16.25,20.88,8.16,24.06,17.81,9.16,6.91,3.91,16.91,28.31,61.91,20.44,40.06,7.88,21.84,14.47,20.47,10.03,24.12,15.09,11.5,5.88,3.75,17.47
1235,27.15,58.59,20.62,39.85,6.53,18.74,14.74,21.15,9.24,21.76,15.74,10.21,10.44,3.06,16.47,20.56,51.41,13.26,28.26,7.29,23.15,12.88,18.09,8.44,21.35,12.12,16.76,6.15,3.47,18.44
1236,28.06,60.94,18.61,34.87,9.45,26.06,13.26,18.9,6.9,22.03,13.19,10.0,8.81,3.06,17.48,26.23,57.65,19.32,36.61,6.9,21.03,13.45,18.81,8.26,26.39,13.48,15.32,5.45,3.1,17.0
1237,23.97,55.1,20.66,41.69,3.31,13.41,13.24,18.31,7.86,18.38,10.17,13.66,7.31,2.17,17.38,29.41,57.59,21.21,35.97,8.21,21.62,14.14,19.24,9.59,21.83,16.28,11.93,7.55,3.21,16.17
1238,24.97,60.09,18.38,39.78,6.59,20.31,14.69,20.88,11.03,22.12,12.0,12.5,7.47,3.47,17.0,26.53,58.19,18.41,35.12,8.12,23.06,14.38,20.06,9.22,23.25,14.56,12.44,7.31,3.81,17.47
1239,24.4,56.57,18.07,37.83,6.33,18.73,14.47,20.5,10.2,22.1,10.07,12.53,7.13,2.63,20.0,25.17,55.9,17.0,33.03,8.17,22.87,16.07,22.6,8.9,20.67,13.13,11.37,7.17,3.53,17.43
1240,24.03,55.0,19.03,39.45,5.0,15.55,14.14,20.45,9.76,22.69,10.31,12.72,6.52,3.86,16.86,23.76,53.79,16.97,34.34,6.79,19.45,13.31,18.79,7.1,21.07,11.1,11.41,6.97,3.03,17.48
1241,29.64,62.42,20.97,38.67,8.67,23.76,15.03,21.33,9.48,25.21,16.09,10.18,8.79,2.88,17.48,24.33,58.39,18.48,37.91,5.85,20.48,14.97,20.48,8.48,22.73,10.21,13.79,5.67,3.45,17.45
1242,27.81,57.39,22.13,40.35,5.68,17.03,13.71,18.81,7.16,25.39,18.48,11.23,7.23,3.94,14.68,24.39,60.06,16.03,35.35,8.35,24.71,11.97,17.13,8.19,22.61,12.45,11.16,6.84,2.81,16.16
1243,24.36,56.06,17.0,33.03,7.36,23.03,15.79,21.79,9.3,24.06,13.85,14.18,5.88,4.18,17.45,24.85,60.85,18.0,38.55,6.85,22.3,13.94,19.82,9.94,20.97,13.0,10.58,8.33,3.58,18.42
1244,28.57,64.21,19.57,36.89,9.0,27.32,15.39,22.75,9.93,23.61,13.75,11.93,7.14,4.0,20.79,27.79,60.79,18.86,36.79,8.93,24.0,19.21,26.29,8.96,25.46,13.39,12.64,6.93,4.46,19.86
1245,25.78,59.12,17.44,35.97,8.34,23.16,13.91,18.84,8.97,21.31,12.69,11.0,6.53,2.59,18.09,25.16,56.16,17.81,33.88,7.34,22.28,14.38,19.59,8.12,21.94,12.62,11.97,6.34,3.12,17.22
1246,32.16,64.72,22.22,40.59,9.94,24.12,15.19,19.66,8.28,25.94,17.56,10.34,7.69,6.28,17.47,27.84,64.81,19.41,38.97,8.44,25.84,15.56,21.62,9.59,23.56,14.44,11.59,6.44,3.59,17.0
1247,26.06,61.53,17.62,37.06,8.44,24.47,11.03,15.25,7.66,22.28,14.03,9.28,6.09,3.22,16.78,26.5,59.06,19.56,39.69,6.94,19.38,14.12,19.69,9.09,25.19,13.62,10.22,5.06,3.62,15.41
1248,23.13,56.87,16.03,34.1,7.1,22.77,9.26,13.58,7.0,22.94,13.1,11.0,6.32,4.32,16.45,23.61,56.35,16.16,34.65,7.45,21.71,13.1,17.77,8.39,25.16,12.26,10.9,6.29,3.1,14.65
1249,27.06,60.48,19.65,39.16,7.42,21.32,14.68,20.06,10.42,23.42,16.06,12.26,6.81,3.65,18.55,24.81,58.23,17.13,35.13,7.68,23.1,16.13,22.84,10.1,22.45,14.39,12.77,7.13,2.94,18.45
1250,25.2,58.03,18.17,36.2,7.03,21.83,14.17,19.13,6.4,24.63,12.73,11.27,7.2,2.33,16.67,26.33,58.37,18.6,36.67,7.73,21.7,12.07,17.27,6.93,26.7,12.4,12.1,6.57,3.63,17.33
1251,26.0,56.59,16.55,30.1,9.45,26.48,10.0,15.1,6.79,22.69,14.79,10.24,4.9,2.24,15.79,25.17,55.28,19.34,37.24,5.83,18.03,12.14,16.76,7.1,23.62,10.38,10.62,5.93,3.59,16.21
1252,29.23,60.07,20.13,36.17,9.1,23.9,12.83,16.5,6.23,23.2,14.2,9.43,6.17,3.23,13.13,29.33,62.6,20.97,39.7,8.37,22.9,10.27,14.3,9.07,23.7,12.33,10.77,5.07,3.67,15.37
1253,27.27,61.27,21.85,43.94,5.42,17.33,16.58,23.33,10.45,23.97,15.03,12.0,7.64,4.3,17.45,26.24,60.3,17.03,34.03,9.21,26.27,14.24,19.67,8.7,22.61,15.48,12.58,6.7,2.61,20.3
1254,24.34,58.31,18.93,40.86,5.41,17.45,12.41,18.34,7.86,24.14,12.52,13.9,6.45,3.03,19.21,26.86,59.03,20.55,38.76,6.31,20.28,16.76,24.24,9.1,26.17,14.72,11.14,8.66,4.17,15.93
1255,26.1,58.58,20.42,42.0,5.68,16.58,15.9,23.13,11.84,23.13,12.52,11.97,6.94,2.39,18.68,24.23,54.45,16.77,32.94,7.45,21.52,13.77,19.65,7.45,20.42,11.94,12.87,6.23,3.03,19.74
1256,24.52,55.21,17.69,36.1,6.83,19.1,16.24,23.17,9.97,24.97,11.79,11.9,6.79,5.0,15.86,22.69,57.38,15.69,36.48,7.0,20.9,13.21,18.38,7.83,21.03,10.66,11.52,7.1,3.14,18.83
1257,24.97,57.28,19.5,39.44,5.47,17.84,16.59,22.25,8.66,23.75,11.12,12.31,5.44,2.59,17.0,27.94,59.06,19.34,35.97,8.59,23.09,14.59,19.94,8.06,24.66,15.44,11.03,7.56,3.84,19.0
1258,25.33,57.27,16.93,34.43,8.4,22.83,12.1,16.47,8.77,23.13,11.8,10.0,3.47,2.6,15.93,26.43,58.83,20.03,40.2,6.4,18.63,12.27,16.67,7.77,21.97,13.77,7.73,5.77,3.57,15.37
1259,22.71,55.52,15.68,34.03,7.03,21.48,10.71,16.68,8.48,22.48,12.65,12.77,5.9,2.16,16.29,26.19,55.94,18.9,35.48,7.29,20.45,12.71,18.23,7.19,23.39,13.48,10.03,7.32,3.68,16.74
1260,25.45,56.94,17.32,33.87,8.13,23.06,13.06,19.13,7.48,24.68,16.32,12.39,6.9,5.13,19.48,22.68,56.61,15.68,36.16,7.0,20.45,15.06,20.48,7.19,23.23,11.13,11.81,6.77,4.16,17.29
1261,26.28,57.69,18.62,36.0,7.66,21.69,16.12,22.44,9.09,23.97,11.66,12.78,7.97,3.78,17.47,25.59,60.06,17.34,35.22,8.25,24.84,15.25,20.12,9.44,21.94,12.5,12.31,8.19,4.0,17.41
1262,26.97,58.97,21.41,41.76,5.55,17.21,17.48,23.62,9.41,26.69,11.72,12.86,6.9,4.66,15.55,27.03,63.76,20.76,42.24,6.28,21.52,11.83,17.14,8.83,22.31,11.38,10.72,7.9,4.03,18.72
1263,24.29,56.55,18.87,38.32,5.42,18.23,12.23,16.94,6.48,22.39,12.03,10.77,8.26,3.16,16.35,24.77,55.65,18.81,37.19,5.97,18.45,12.23,17.87,8.29,25.06,12.68,12.61,6.29,3.58,15.32
1264,24.52,59.55,17.31,36.52,7.21,23.03,9.48,13.14,7.59,22.03,14.14,12.52,7.52,2.9,14.03,28.28,60.24,20.79,39.86,7.48,20.38,12.1,16.45,8.93,26.1,17.03,11.45,8.21,4.03,13.79
1265,23.42,52.84,16.58,33.61,6.84,19.23,10.97,15.74,6.13,23.55,12.29,11.42,6.84,2.81,16.23,21.61,52.68,15.19,32.48,6.42,20.19,12.55,18.45,7.87,22.68,9.48,12.65,6.74,2.55,15.39
1266,29.15,60.94,20.29,36.24,8.85,24.71,11.15,15.59,7.65,22.62,15.82,9.71,8.56,3.24,15.35,24.53,57.79,16.18,32.91,8.35,24.88,12.29,16.32,9.09,23.56,14.53,13.5,5.65,3.06,14.65
1267,25.84,63.91,17.66,37.5,8.19,26.41,13.0,18.41,10.22,24.72,14.72,11.69,6.97,4.25,16.09,27.94,62.09,20.0,40.16,7.94,21.94,13.09,18.59,8.78,26.69,13.62,11.28,7.47,2.66,16.16
1268,23.21,56.18,17.12,35.09,6.09,21.09,16.52,22.94,10.06,22.24,10.91,11.27,6.58,4.52,17.45,23.12,55.3,17.67,38.67,5.45,16.64,14.18,18.52,8.06,22.97,11.06,11.67,5.79,3.61,18.97
1269,27.68,61.35,20.94,39.81,6.74,21.55,15.35,21.97,11.1,23.68,15.58,10.39,7.61,3.0,18.68,23.84,56.61,16.55,34.87,7.29,21.74,15.77,21.87,9.03,20.84,13.13,12.58,6.23,3.19,18.29
1270,27.45,56.83,19.93,37.72,7.52,19.1,16.03,23.07,9.45,22.93,14.21,8.72,9.38,3.55,18.0,21.31,53.45,12.83,27.72,8.48,25.72,12.93,18.1,9.21,21.28,12.34,14.45,4.59,3.38,18.55
1271,21.64,56.84,16.04,37.04,5.6,19.8,13.24,18.56,9.08,21.12,10.16,12.8,6.68,2.68,18.12,25.68,57.16,18.84,36.44,6.84,20.72,14.92,21.6,10.08,25.6,12.48,12.52,7.52,3.24,16.48
1272,28.06,61.0,19.75,37.31,8.31,23.69,16.06,22.16,10.5,23.16,13.66,12.69,8.56,4.53,17.22,26.72,62.5,17.66,35.88,9.06,26.62,13.25,18.53,10.44,22.22,14.25,13.19,7.16,4.28,18.47
1273,26.6,59.4,20.27,41.5,6.33,17.9,10.87,16.4,8.93,21.37,13.2,10.7,6.7,3.27,18.8,24.93,55.5,17.93,35.03,7.0,20.47,15.63,21.57,8.57,23.27,11.4,11.33,6.37,3.13,14.8
1274,27.78,61.25,18.84,36.5,8.94,24.75,11.25,15.09,8.53,25.16,14.19,11.78,7.16,3.12,13.09,27.06,62.41,17.5,33.66,9.56,28.75,9.94,13.94,8.91,23.75,15.47,11.12,7.19,3.44,14.97
1275,24.2,55.43,16.1,33.07,8.1,22.37,12.1,16.83,6.37,23.07,13.83,11.3,6.23,2.87,17.17,25.37,58.27,18.6,36.8,6.77,21.47,13.47,18.57,9.13,24.73,12.0,11.77,6.43,3.27,17.07
1276,25.91,58.44,17.94,36.25,7.97,22.19,13.16,18.72,8.97,22.5,12.5,12.56,4.16,3.56,17.16,28.94,62.12,21.62,41.84,7.31,20.28,13.81,18.94,9.31,22.44,13.38,9.25,7.62,3.84,16.91
1277,27.15,58.94,20.76,41.12,6.39,17.82,12.42,17.61,8.85,23.03,16.3,9.33,7.15,3.91,16.55,22.79,55.3,15.3,32.48,7.48,22.82,12.88,18.03,8.03,22.0,12.52,11.73,5.18,3.15,17.06
1278,26.72,56.56,18.72,34.22,8.0,22.34,13.97,20.16,8.03,23.16,17.34,11.34,6.12,4.56,16.28,26.34,58.91,20.0,41.41,6.34,17.5,12.72,17.59,8.19,21.19,14.88,10.25,7.19,3.09,16.91
1279,26.22,58.59,18.69,38.0,7.53,20.59,14.97,20.56,8.47,21.44,15.09,10.28,7.84,5.72,16.31,26.34,59.88,18.88,37.75,7.47,22.12,13.75,19.34,10.53,21.91,14.59,11.72,6.56,3.03,17.31
1280,26.38,58.03,19.18,35.88,7.21,22.15,14.79,22.0,10.68,24.41,13.94,12.29,8.09,3.09,16.74,24.03,57.71,17.06,33.97,6.97,23.74,14.03,18.68,8.26,21.18,11.62,11.82,7.32,3.79,18.12
1281,25.22,57.41,17.94,34.66,7.28,22.75,14.44,18.22,7.5,20.31,12.12,10.84,7.62,4.75,20.06,25.28,56.72,17.5,34.16,7.78,22.56,17.84,24.09,10.34,23.69,13.28,12.25,6.44,3.38,17.09
1282,24.76,58.76,16.24,33.24,8.52,25.52,12.52,17.24,9.31,23.1,12.55,11.31,5.55,3.59,20.24,23.97,53.17,17.52,33.24,6.45,19.93,17.0,23.97,6.34,22.17,11.66,11.48,6.0,2.72,17.17
1283,25.7,58.52,18.94,36.97,6.76,21.55,13.09,18.42,8.97,26.97,12.09,11.67,4.3,4.52,15.24,26.03,62.64,18.0,38.33,8.03,24.3,11.18,15.61,7.97,22.73,12.97,8.55,6.52,3.24,16.64
1284,26.06,60.52,18.42,38.58,7.64,21.94,12.67,17.7,9.79,22.85,13.09,9.79,7.12,3.45,16.94,24.82,58.18,16.27,33.03,8.55,25.15,14.42,19.36,9.97,23.45,13.94,11.39,5.55,3.82,15.76
1285,27.19,56.84,19.52,35.42,7.68,21.42,13.39,16.74,6.52,23.42,14.06,9.32,4.55,2.87,16.97,25.87,56.74,19.68,39.13,6.19,17.61,14.32,19.87,7.68,22.32,11.16,9.19,5.42,3.13,16.16
1286,26.19,56.52,17.68,33.13,8.52,23.39,12.74,17.35,5.71,22.23,12.52,11.13,7.9,2.29,18.81,26.39,56.74,19.84,36.65,6.55,20.1,15.0,20.97,8.19,24.39,12.39,12.61,5.81,2.58,17.39
1287,25.63,55.23,16.83,30.3,8.8,24.93,12.37,17.3,8.6,25.03,13.43,11.37,5.63,4.37,16.7,23.1,56.47,17.63,38.87,5.47,17.6,14.0,18.47,7.77,19.77,9.5,9.9,6.07,2.4,15.87
1288,25.68,58.93,21.21,43.07,4.46,15.86,14.0,18.46,8.5,21.14,11.39,14.07,6.21,3.32,19.89,27.93,60.29,21.04,40.75,6.89,19.54,17.25,24.93,11.29,23.36,13.54,12.57,8.21,3.75,16.21
1290,19.77,51.97,15.16,36.19,4.61,15.77,11.29,17.16,8.03,18.65,8.74,14.45,6.61,2.29,17.74,26.94,55.19,19.48,35.06,7.45,20.13,16.39,22.94,9.77,23.55,14.58,11.13,8.81,3.16,16.74
1291,27.06,57.91,20.3,38.64,6.76,19.27,11.0,15.21,8.33,23.76,13.15,13.88,6.85,3.82,15.36,25.88,59.33,18.55,38.24,7.33,21.09,13.33,17.58,8.48,21.48,13.06,11.79,8.94,3.03,14.79
1292,21.81,55.26,14.58,32.0,7.23,23.26,13.52,19.26,8.32,22.0,9.55,13.23,4.97,4.13,15.61,26.26,59.0,20.32,41.45,5.94,17.55,12.84,17.48,8.77,24.0,11.19,10.19,6.58,3.48,17.23
1293,25.42,57.26,19.03,37.06,6.39,20.19,11.84,16.97,7.74,21.42,11.23,8.84,5.97,2.74,15.42,25.39,54.45,16.77,31.16,8.61,23.29,10.9,15.06,6.77,23.35,13.48,11.06,4.81,3.29,15.26
1294,29.9,60.67,22.07,38.93,7.83,21.73,12.37,17.03,7.0,25.27,14.93,11.2,6.13,2.47,16.93,28.27,61.57,19.47,36.97,8.8,24.6,13.77,18.1,7.8,24.1,13.23,10.9,6.67,3.03,15.9
1295,26.03,55.97,18.45,35.86,7.59,20.1,12.28,16.93,6.76,23.48,11.03,10.83,3.86,1.24,15.38,28.1,59.45,20.52,38.83,7.59,20.62,12.55,16.97,7.17,23.21,11.83,8.69,5.52,3.79,16.14
1296,24.93,57.48,17.59,35.03,7.34,22.45,14.17,20.79,8.34,23.07,9.9,12.21,4.62,4.79,17.34,28.34,61.14,20.31,39.24,8.03,21.9,14.45,21.21,9.07,23.34,15.1,9.34,6.9,2.48,18.52
1297,26.48,58.48,20.29,38.87,6.19,19.61,14.74,20.55,8.45,21.94,13.45,11.9,8.42,2.45,16.42,26.74,59.71,19.0,34.87,7.74,24.84,12.61,17.23,9.94,22.9,14.77,13.23,6.48,3.68,17.61
1298,22.73,58.17,17.03,38.93,5.7,19.23,14.47,20.27,9.93,21.7,11.7,9.77,6.63,2.07,18.23,23.4,53.67,16.2,31.8,7.2,21.87,13.8,19.13,8.63,24.27,13.0,12.67,4.8,4.9,18.37
1299,22.69,58.53,16.69,37.62,6.0,20.91,14.19,19.91,7.5,20.34,10.19,8.47,5.62,3.25,15.25,28.94,60.34,21.03,37.88,7.91,22.47,12.16,17.81,9.81,27.47,15.25,10.22,5.28,3.53,16.69
1300,24.48,56.26,17.41,34.93,7.07,21.33,15.85,22.74,9.19,21.74,11.11,11.37,6.67,2.41,18.0,24.74,56.85,18.56,36.0,6.19,20.85,15.26,21.07,10.26,22.63,13.04,11.63,5.59,3.48,18.22
1301,27.39,60.97,20.33,40.58,7.06,20.39,14.53,19.81,9.06,23.58,12.69,9.22,7.42,3.5,16.36,25.92,58.42,18.72,37.81,7.19,20.61,13.67,18.67,8.47,24.33,12.58,11.56,5.19,3.11,16.19
1303,24.9,56.21,19.03,37.66,5.86,18.55,16.69,22.31,7.38,23.0,9.9,9.45,5.83,2.38,16.9,26.14,57.1,17.48,32.83,8.66,24.28,13.72,18.41,7.72,24.59,12.72,10.34,5.17,2.45,18.31
1304,26.82,59.33,17.36,32.91,9.45,26.42,14.48,19.21,8.24,26.67,15.3,10.79,6.33,2.64,15.82,24.82,62.58,16.48,36.45,8.33,26.12,12.12,17.33,10.58,23.42,13.03,10.91,6.24,3.55,16.06
1305,25.59,54.22,18.94,36.0,6.66,18.22,18.09,25.03,7.72,23.91,14.88,9.69,6.06,3.69,17.91,23.38,56.0,16.19,33.03,7.19,22.97,13.38,19.19,7.91,22.03,12.84,11.34,4.94,2.41,21.34
1306,25.27,61.7,16.7,34.73,8.57,26.97,13.67,18.4,7.4,25.67,11.3,11.63,7.07,2.07,15.2,27.77,62.17,20.47,38.27,7.3,23.9,12.47,17.07,8.27,27.87,14.03,11.63,7.7,4.6,16.53
1307,29.85,64.85,23.41,45.56,6.44,19.29,15.41,21.47,10.5,24.97,14.71,9.79,8.68,5.03,17.59,24.91,58.76,18.32,37.26,6.59,21.5,14.59,19.71,8.29,23.24,13.5,13.62,5.88,4.35,18.03
1308,23.54,56.64,17.43,37.07,6.11,19.57,12.68,18.54,7.75,23.18,10.61,11.64,5.75,2.89,20.75,24.54,56.39,16.25,32.5,8.29,23.89,17.86,25.29,9.29,24.75,13.82,10.07,7.39,2.68,16.25
1309,24.45,59.59,19.17,42.14,5.28,17.45,16.55,23.38,9.0,20.72,11.0,11.86,7.34,3.59,19.72,29.07,59.66,22.34,40.72,6.72,18.93,16.76,23.1,10.41,26.07,15.9,13.34,6.55,4.07,20.28
1310,25.16,54.32,18.97,37.06,6.19,17.26,14.65,19.58,6.32,21.97,12.23,10.97,5.58,2.16,14.97,27.16,57.32,21.61,41.48,5.55,15.84,12.48,17.55,7.58,22.61,11.23,10.87,6.68,3.29,18.0
1311,24.74,56.16,16.42,33.55,8.32,22.61,15.35,21.13,7.77,23.03,11.39,12.39,6.81,4.03,19.0,26.03,59.23,19.13,37.74,6.9,21.48,15.97,23.32,9.58,23.39,13.19,11.0,7.65,3.87,17.16
1312,22.93,59.15,16.07,35.96,6.85,23.19,13.04,18.44,9.44,22.11,9.85,10.63,6.85,3.26,19.33,26.44,57.37,19.26,36.85,7.19,20.52,15.85,22.78,9.78,26.0,14.22,11.04,6.15,3.56,15.63
1313,23.72,54.17,17.97,36.59,5.76,17.59,16.93,23.21,9.07,20.41,11.1,11.93,8.21,3.03,19.45,21.83,51.97,13.76,28.45,8.07,23.52,17.07,23.1,8.55,21.59,13.52,14.24,6.07,3.21,19.14
1314,28.09,62.5,20.15,40.06,7.94,22.44,17.35,23.03,10.5,27.74,14.47,9.88,5.79,4.03,16.65,25.12,61.71,18.12,39.41,7.0,22.29,13.0,17.47,6.97,23.0,10.21,9.97,5.59,3.85,18.79
1315,26.07,60.0,17.97,34.9,8.1,25.1,13.59,19.31,9.62,23.34,11.34,9.76,6.17,2.9,15.55,27.1,58.34,20.14,38.55,6.97,19.79,12.79,17.24,7.0,24.0,10.86,10.14,5.9,2.03,17.48
1316,25.59,58.41,14.1,26.45,11.48,31.97,12.93,16.55,7.03,22.34,11.48,10.72,5.28,3.59,16.55,28.31,59.86,21.97,41.97,6.34,17.9,14.72,20.17,9.07,24.34,12.31,9.59,6.86,2.79,14.93
1317,24.13,55.47,16.0,33.9,8.13,21.57,12.0,16.17,9.33,21.17,10.57,10.17,7.0,3.03,17.43,21.53,51.73,15.47,33.07,6.07,18.67,14.63,20.87,8.93,20.8,9.97,11.97,6.7,3.8,15.03
1318,25.31,55.62,18.94,35.56,6.38,20.06,12.41,16.59,8.62,21.56,13.59,11.78,6.25,3.34,15.16,26.06,56.0,17.91,34.25,8.16,21.75,12.06,15.84,7.22,19.91,13.28,10.5,6.5,3.0,15.25
1319,25.0,57.06,18.73,36.97,6.27,20.09,12.36,17.76,7.0,21.52,13.45,12.39,5.67,3.09,18.33,27.42,57.82,21.12,38.15,6.3,19.67,15.48,21.64,8.67,24.09,12.88,11.3,7.39,2.88,16.97
1320,25.38,55.97,18.34,35.38,7.03,20.59,14.94,20.91,6.84,23.72,12.28,9.66,6.25,2.44,16.66,25.25,56.09,17.19,33.03,8.06,23.06,13.19,17.12,6.25,24.28,11.47,10.81,6.0,3.0,17.62
1321,26.28,57.25,17.97,36.16,8.31,21.09,12.81,17.12,7.16,21.72,15.62,8.09,6.91,3.28,17.75,23.59,52.41,16.66,33.09,6.94,19.31,14.88,20.66,7.44,22.69,13.84,11.97,4.75,3.72,16.78
1322,24.23,57.3,18.07,37.6,6.17,19.7,13.93,21.03,9.5,21.0,11.03,12.67,6.5,3.07,18.9,26.43,57.6,19.47,36.2,6.97,21.4,16.83,23.97,10.2,24.23,13.37,12.43,7.4,4.4,17.83
1323,22.48,55.27,14.88,31.33,7.61,23.94,11.45,15.39,8.36,24.61,10.15,11.36,5.73,2.42,15.06,24.42,57.88,17.52,36.61,6.91,21.27,11.39,15.88,8.27,23.3,12.27,9.64,6.42,3.64,14.67
1324,26.91,59.85,18.35,35.44,8.56,24.41,14.03,18.5,9.26,24.06,14.35,10.85,6.71,2.82,15.09,26.35,60.29,18.03,35.74,8.32,24.56,11.88,16.18,9.03,22.76,16.44,11.03,6.15,2.85,16.44
1325,26.84,59.72,18.16,35.0,8.69,24.72,13.97,19.16,8.34,22.75,13.53,9.41,6.84,3.59,17.22,24.94,58.06,17.66,36.5,7.28,21.56,14.12,20.16,9.38,23.97,11.19,12.38,5.03,3.62,17.06
1326,26.36,58.39,19.33,37.91,7.03,20.48,15.15,19.79,9.15,24.45,13.18,10.0,5.45,4.39,17.18,24.91,58.61,18.18,39.21,6.73,19.39,12.94,18.24,9.18,21.79,11.42,10.24,4.88,2.79,18.15
1328,26.09,56.19,18.62,34.56,7.47,21.62,15.72,21.16,8.53,24.09,13.28,11.94,5.91,3.25,16.12,24.44,58.03,18.25,37.31,6.19,20.72,13.72,18.06,7.91,21.62,11.72,10.5,7.25,3.56,17.88
1329,24.78,56.22,16.66,31.91,8.12,24.31,13.31,19.09,7.66,22.88,13.41,12.34,6.22,2.88,15.97,27.03,59.09,20.41,39.62,6.62,19.47,12.03,16.31,8.53,23.16,12.34,11.03,8.03,3.09,16.59
1330,26.32,62.71,19.32,40.71,7.0,22.0,11.23,16.97,8.45,23.26,10.23,10.35,7.87,3.81,18.23,25.94,59.1,17.13,34.29,8.81,24.81,16.97,23.48,9.58,27.77,14.77,12.1,5.97,4.06,15.23
1331,25.79,59.21,16.82,34.29,8.96,24.93,11.61,15.39,6.18,23.79,10.46,9.43,5.18,3.46,18.04,27.07,60.79,18.68,37.36,8.39,23.43,14.43,19.64,9.89,26.07,13.43,9.54,5.07,2.61,13.79
1332,27.15,59.44,19.82,37.65,7.32,21.79,13.71,19.18,8.29,22.79,13.76,9.65,7.24,3.56,16.53,25.71,56.71,18.68,36.21,7.03,20.5,13.41,18.59,7.38,23.09,12.88,11.74,5.35,3.5,17.56
1333,24.03,54.42,17.9,35.9,6.13,18.52,14.26,19.35,6.74,22.39,11.03,11.68,6.0,3.81,18.65,25.84,57.39,18.61,35.61,7.23,21.77,14.65,20.58,9.13,22.35,14.26,10.84,6.42,3.03,18.45
1334,22.33,54.87,16.07,34.97,6.27,19.9,13.17,20.33,5.2,19.43,13.1,11.3,5.77,1.93,17.43,28.77,58.4,20.5,35.23,8.27,23.17,15.57,21.27,9.63,27.4,14.77,10.7,6.13,3.4,18.37
1335,26.11,58.89,17.15,33.52,8.96,25.37,10.89,15.89,8.22,23.7,13.81,10.7,5.52,2.15,14.89,27.44,59.52,18.04,33.48,9.41,26.04,11.37,15.89,7.67,22.93,15.48,8.93,5.89,3.07,14.81
1336,25.88,59.12,18.15,35.97,7.73,23.15,15.61,20.88,8.0,21.33,12.61,10.45,8.33,3.39,18.27,25.88,57.21,20.18,38.42,5.7,18.79,15.94,20.79,8.91,24.64,14.67,13.97,5.82,3.12,17.64
1337,26.19,58.19,19.48,39.32,6.71,18.87,13.29,19.0,8.61,21.81,13.06,10.65,5.16,2.68,16.48,27.32,56.13,20.52,38.39,6.81,17.74,13.77,19.03,6.74,23.06,13.77,11.1,5.97,2.45,18.03
1338,26.45,60.58,16.85,33.7,9.61,26.88,13.09,18.48,9.91,24.21,13.7,8.73,6.3,4.45,15.45,24.03,55.79,17.39,34.24,6.64,21.55,12.94,17.03,6.58,24.09,12.36,10.55,5.0,3.48,16.82
1339,24.23,56.48,15.65,31.35,8.58,25.13,12.77,17.9,6.48,23.03,12.87,11.39,4.03,1.97,14.97,29.35,62.81,18.58,34.45,10.77,28.35,10.06,14.19,8.55,25.16,17.03,8.68,6.23,2.77,17.71
1340,24.48,60.21,17.14,37.55,7.34,22.66,14.21,20.66,9.76,22.72,10.59,11.0,6.79,3.0,18.48,25.66,56.76,17.93,35.07,7.72,21.69,13.69,19.69,7.72,25.41,13.9,12.45,5.59,3.69,17.79
1341,24.31,58.52,19.62,43.07,4.69,15.45,15.48,21.62,8.17,19.48,11.79,11.69,8.86,2.86,20.17,26.41,55.17,20.03,37.03,6.38,18.14,18.07,25.69,9.83,26.07,13.17,15.66,6.83,4.28,19.31
1342,25.83,56.28,19.69,37.76,6.14,18.52,13.97,20.97,7.45,21.48,12.28,11.31,6.31,3.1,19.03,25.24,54.48,18.45,35.03,6.79,19.45,17.03,23.48,7.69,23.41,11.48,11.48,6.17,3.72,18.52
1343,26.27,57.42,16.08,28.54,10.19,28.88,13.5,16.77,6.42,22.96,13.85,7.08,5.46,1.5,13.77,25.15,55.88,17.96,33.92,7.19,21.96,10.0,13.81,7.35,22.69,12.54,10.62,4.42,2.81,16.81
1344,25.59,57.62,17.24,32.12,8.35,25.5,13.32,18.53,7.82,25.59,13.76,11.47,6.44,4.59,15.85,24.94,59.88,17.88,39.24,7.06,20.65,12.03,16.71,8.18,23.18,10.91,11.59,6.71,2.97,17.41
1345,28.52,58.39,20.18,37.97,8.33,20.42,18.03,25.0,11.03,26.67,18.39,10.97,5.67,3.79,14.36,26.21,62.58,18.91,39.3,7.3,23.27,10.42,14.39,8.09,18.82,14.42,9.52,6.85,2.27,20.67
1346,27.38,61.31,20.12,40.41,7.25,20.91,14.59,18.78,10.0,24.34,13.81,11.78,7.53,3.47,16.53,25.94,60.97,18.31,38.56,7.62,22.41,12.69,17.97,8.88,22.59,13.28,12.09,6.59,4.03,15.5
1347,25.9,57.94,18.84,38.13,7.06,19.81,11.87,16.19,8.68,21.9,10.65,9.9,5.48,3.45,17.19,26.1,58.68,18.55,35.39,7.55,23.29,13.19,18.58,10.1,21.58,12.29,9.97,4.65,2.71,15.16
1348,25.52,55.84,19.0,37.19,6.52,18.65,14.23,22.0,8.1,23.65,12.65,12.29,4.71,3.0,17.06,27.97,61.39,19.32,37.16,8.65,24.23,12.32,18.39,8.9,22.58,15.03,8.45,7.13,4.48,18.39
1349,25.65,58.35,18.0,35.35,7.65,23.0,12.13,17.45,8.48,23.45,13.94,11.23,5.48,3.74,14.77,27.55,60.77,18.74,37.52,8.81,23.26,12.35,16.65,8.87,24.0,14.97,9.84,7.39,3.52,15.71
1350,26.59,57.12,19.22,36.94,7.38,20.19,11.75,16.03,4.84,26.25,13.12,8.0,6.78,2.94,14.09,23.66,58.69,16.16,34.69,7.5,24.0,11.25,15.53,8.56,26.22,11.25,11.25,4.66,2.88,15.28
1351,25.48,59.29,19.87,42.61,5.61,16.68,14.26,18.94,9.55,24.52,13.03,11.97,6.35,3.71,17.61,24.9,58.39,17.23,36.1,7.68,22.29,14.81,21.29,9.32,23.0,12.94,10.35,7.55,3.45,16.55
1352,25.77,59.83,17.17,34.37,8.6,25.47,12.03,16.73,10.7,20.83,13.43,13.53,4.97,2.8,17.87,27.47,58.03,20.53,37.83,6.93,20.2,15.57,21.33,8.23,23.03,13.97,10.33,7.4,2.63,15.57
1353,23.44,60.22,17.97,41.16,5.47,19.06,13.03,19.81,10.38,22.97,11.75,10.94,7.69,5.22,16.91,22.91,56.19,15.66,34.03,7.25,22.16,13.47,19.25,9.5,26.59,12.53,13.69,6.53,4.16,17.03
1354,24.07,59.3,17.97,40.4,6.1,18.9,15.07,21.63,12.3,20.77,12.9,14.37,8.33,3.17,20.93,24.37,53.23,17.53,32.87,6.83,20.37,19.4,26.2,8.53,21.73,14.1,14.73,8.13,3.9,18.4
1355,27.39,57.06,19.06,34.1,8.32,22.97,12.42,17.35,6.81,24.68,12.71,10.94,5.94,3.0,14.84,24.97,58.77,15.23,31.06,9.74,27.71,11.97,16.1,7.65,23.65,11.87,10.71,6.71,2.97,17.35
1356,24.48,54.39,16.32,30.55,8.16,23.84,15.03,19.52,6.84,22.87,14.23,10.42,5.45,3.03,18.16,24.71,54.35,19.68,37.77,5.03,16.58,14.13,19.84,7.16,22.0,10.87,10.26,5.77,3.58,17.61
1357,26.4,58.27,19.27,38.37,7.13,19.9,12.9,18.47,7.07,22.3,13.3,11.43,8.5,4.8,17.1,26.0,58.73,17.37,34.27,8.63,24.47,12.67,18.77,9.97,23.8,15.3,13.63,6.53,3.4,15.7
1358,24.77,58.29,17.61,37.9,7.16,20.39,14.58,20.23,9.81,23.55,12.35,12.61,6.71,2.16,18.29,24.29,55.94,17.16,33.97,7.13,21.97,14.23,20.71,7.87,22.52,12.55,12.68,6.87,4.1,18.23
1359,29.41,60.12,19.75,35.56,9.66,24.56,15.88,21.88,8.25,23.41,16.88,12.88,9.53,3.78,19.03,25.59,59.22,17.56,35.5,8.03,23.72,15.16,22.0,10.25,21.81,13.69,14.88,7.84,3.78,19.31
1360,25.77,59.81,18.68,39.42,7.1,20.39,13.81,19.16,8.13,22.1,13.1,12.32,7.26,3.68,19.32,27.06,59.1,19.1,35.58,7.97,23.52,16.0,22.84,9.26,24.97,16.87,12.45,7.45,3.52,16.39
1361,25.66,58.44,18.75,36.34,6.91,22.09,15.97,21.91,9.75,24.12,13.03,10.28,7.25,4.06,17.72,23.47,57.16,16.41,34.0,7.06,23.16,13.34,19.03,8.66,21.97,11.41,11.34,6.0,3.25,18.97
1362,28.62,59.41,20.25,35.44,8.38,23.97,10.72,14.09,8.59,23.25,15.56,10.81,8.16,3.44,18.41,22.81,52.91,16.03,33.06,6.78,19.84,14.16,20.38,6.41,21.47,11.12,13.0,5.56,2.0,15.09
1363,25.42,57.45,17.16,33.32,8.26,24.13,9.0,12.87,6.29,21.1,13.06,9.84,5.03,3.26,17.19,26.74,56.23,19.06,36.48,7.68,19.74,14.03,20.19,8.32,24.65,14.84,9.94,4.71,2.94,14.19
1364,25.72,53.69,19.93,37.31,5.79,16.38,15.86,21.31,6.59,24.31,12.86,12.66,4.97,3.14,16.79,27.07,59.9,20.59,39.72,6.48,20.17,12.66,18.55,7.79,21.34,12.41,9.52,7.1,2.66,17.93
1365,27.28,59.78,19.34,36.75,7.94,23.03,13.5,18.91,10.44,25.53,14.78,12.34,4.66,2.66,17.75,25.59,60.16,18.53,37.88,7.06,22.28,14.09,20.03,8.03,21.12,12.44,9.47,6.84,2.53,17.91
1367,25.0,57.96,17.48,34.81,7.52,23.15,10.96,17.07,7.0,20.11,11.74,10.74,6.7,3.26,19.67,25.3,54.93,18.74,35.33,6.56,19.59,17.67,24.7,9.93,26.22,11.52,12.26,5.81,3.22,16.41
1368,22.69,54.28,15.55,33.34,7.14,20.93,14.07,19.0,8.66,22.28,13.69,13.24,6.48,2.38,16.34,25.21,57.55,16.59,31.79,8.62,25.76,12.72,17.41,9.07,21.24,15.41,11.0,7.1,3.07,16.41
1369,23.78,59.33,17.81,39.48,5.96,19.85,10.96,16.04,8.15,21.41,11.37,11.96,5.59,2.59,20.33,26.56,56.3,21.15,39.15,5.41,17.15,17.67,24.89,8.59,27.41,12.78,11.11,6.74,3.63,16.37
1370,25.38,57.53,17.84,35.59,7.53,21.94,14.44,19.66,8.44,25.03,12.94,12.25,5.44,3.03,19.31,23.69,57.19,17.97,37.91,5.72,19.28,14.94,21.25,8.22,22.44,11.41,11.5,6.66,3.22,18.28
1371,26.16,58.41,20.34,40.62,5.81,17.78,14.66,18.97,10.81,23.34,12.56,11.88,7.41,4.59,15.53,24.78,58.53,16.44,33.88,8.34,24.66,12.25,16.06,8.47,20.5,14.0,11.34,7.5,4.56,16.91
1372,24.9,56.52,18.87,38.35,6.03,18.16,16.81,23.84,9.68,22.19,12.06,14.94,8.58,2.84,21.45,23.03,53.87,15.71,34.13,7.32,19.74,18.45,25.55,8.71,21.16,12.68,15.45,7.65,3.74,20.87
1373,21.94,54.94,16.66,36.09,5.28,18.84,11.28,16.91,9.94,22.12,10.69,14.97,5.12,4.06,15.34,27.5,60.06,20.28,39.56,7.22,20.5,12.22,16.81,9.12,21.88,13.78,9.34,9.09,3.34,16.09
1374,28.16,62.97,20.45,40.52,7.71,22.45,12.13,17.84,12.32,23.58,15.81,11.06,8.35,4.94,16.9,23.74,58.16,16.94,36.77,6.81,21.39,13.68,19.26,9.48,21.39,13.1,12.23,7.23,5.23,14.9
1375,26.07,58.48,18.66,37.34,7.41,21.14,13.83,18.48,6.48,23.24,10.52,10.62,6.59,2.66,16.83,27.34,60.9,20.34,38.93,7.0,21.97,14.24,20.62,10.1,25.31,12.48,11.24,7.07,4.28,16.0
1376,25.45,58.0,17.48,34.21,7.97,23.79,13.15,18.42,9.39,22.7,15.33,9.36,4.82,3.18,16.0,24.15,56.55,18.21,38.88,5.94,17.67,12.73,17.42,7.67,21.67,11.42,8.94,5.76,4.58,16.36
1377,26.66,58.66,19.03,38.41,7.62,20.24,13.41,17.86,7.62,24.17,11.86,12.69,3.55,1.66,16.31,29.83,64.66,20.86,39.9,8.97,24.76,12.86,17.62,9.24,23.31,14.0,7.83,6.72,3.55,16.76
1378,25.42,57.77,16.45,33.26,8.97,24.52,16.03,21.81,8.42,23.9,15.06,10.16,7.06,3.55,17.26,24.32,58.23,17.52,36.32,6.81,21.9,13.61,20.26,9.1,24.06,12.55,12.0,6.16,2.97,18.48
1379,24.13,56.57,17.7,37.53,6.43,19.03,15.17,21.43,8.47,23.57,11.7,12.43,7.0,4.9,17.3,26.2,59.1,18.93,38.73,7.27,20.37,13.2,19.5,9.53,23.7,12.27,11.23,8.1,2.8,17.27
1380,23.97,55.38,17.14,34.34,6.83,21.03,13.14,19.69,7.72,20.41,13.14,13.24,8.31,3.45,19.9,23.48,52.62,17.45,33.9,6.03,18.72,17.55,24.31,8.41,23.41,13.14,14.59,6.41,3.24,17.17
1381,25.72,59.45,19.62,38.66,6.1,20.79,15.66,21.52,8.34,20.72,11.83,11.59,6.14,3.03,17.86,29.07,60.69,23.41,44.21,5.66,16.48,13.97,19.55,9.59,24.55,13.45,11.66,6.9,3.45,19.31
1382,25.85,56.73,18.24,35.91,7.61,20.82,14.15,18.27,8.42,22.12,12.48,10.18,6.61,3.88,16.76,24.18,54.55,16.76,32.36,7.42,22.18,12.85,18.48,7.85,21.79,14.03,11.82,5.0,2.94,16.03
1384,22.93,55.43,16.46,35.96,6.46,19.46,10.93,18.04,10.14,21.07,12.04,13.43,5.64,3.57,17.71,26.14,56.32,18.75,35.43,7.39,20.89,14.04,19.96,8.89,22.5,13.61,10.64,7.21,4.25,16.43
1385,29.39,64.82,22.21,43.73,7.18,21.09,12.88,17.7,12.52,23.09,15.7,10.67,6.97,5.48,17.97,24.97,57.73,17.73,37.03,7.24,20.7,14.76,19.85,8.73,21.33,13.45,11.91,6.33,3.3,15.82
1386,26.41,59.26,16.38,31.09,10.03,28.18,12.71,17.5,8.65,24.24,14.56,10.65,6.97,3.76,15.35,24.88,59.26,16.56,34.15,8.32,25.12,12.32,17.18,8.65,22.56,13.71,11.38,6.76,3.94,16.03
1387,25.34,56.81,17.53,35.34,7.81,21.47,15.59,20.62,7.31,23.0,12.91,11.16,5.78,3.0,17.94,27.66,59.38,18.44,34.22,9.22,25.16,15.28,20.94,8.16,23.56,13.94,9.41,6.66,4.0,17.41
1388,27.22,58.44,19.59,36.97,7.62,21.47,11.16,16.56,10.91,24.59,15.84,9.44,6.44,3.78,16.38,21.31,52.81,16.34,37.5,4.97,15.31,12.09,17.0,5.59,18.44,10.16,9.97,5.28,2.75,15.78
1389,22.03,55.42,16.19,38.19,5.84,17.23,15.19,21.13,10.48,21.74,10.81,11.61,7.03,4.29,19.19,21.16,51.35,15.58,33.61,5.58,17.74,15.32,21.74,8.03,21.35,10.52,12.42,6.61,4.06,18.32
1390,27.56,58.94,18.62,34.72,8.94,24.22,12.28,16.88,6.31,25.16,15.97,12.19,5.5,3.09,15.31,28.53,63.12,20.06,39.41,8.47,23.72,10.94,15.97,8.12,24.03,13.03,10.69,6.94,2.75,16.53
1391,26.03,56.84,17.35,33.06,8.68,23.77,13.74,18.0,7.65,21.94,12.68,10.06,4.9,2.97,15.19,27.84,61.06,19.97,38.23,7.87,22.84,11.58,15.81,9.42,22.19,13.77,8.48,6.06,2.68,16.77
1392,26.12,59.65,18.32,37.68,7.79,21.97,12.97,17.44,7.76,24.97,11.97,9.76,5.85,3.18,15.32,26.15,61.35,17.12,35.38,9.03,25.97,11.65,16.82,9.47,24.18,15.06,10.09,6.03,2.44,15.47
1393,27.06,59.26,20.39,39.29,6.68,19.97,14.58,20.23,6.97,22.55,13.45,11.0,9.13,4.0,15.61,28.32,61.06,20.48,38.48,7.84,22.58,11.77,16.23,9.97,25.52,14.26,14.1,6.32,2.9,16.23
1394,25.54,60.29,20.14,42.54,5.39,17.75,15.54,21.64,10.68,24.43,13.39,12.07,8.14,2.79,21.36,22.32,53.14,16.39,34.0,5.93,19.14,18.18,25.46,7.57,23.21,11.11,13.5,7.14,4.5,18.29
1395,28.48,61.27,21.91,42.79,6.58,18.48,15.7,21.52,10.76,23.12,16.94,12.12,9.06,3.76,17.58,25.27,56.73,18.73,36.76,6.55,19.97,14.15,20.24,7.97,21.09,14.24,14.33,6.76,3.73,17.76
1396,24.14,61.4,15.94,35.54,8.2,25.86,13.97,19.71,9.26,22.91,11.0,9.37,7.23,2.83,17.03,25.51,57.89,18.23,35.54,7.29,22.34,15.09,20.86,9.06,26.83,13.89,11.43,5.86,3.74,16.43
1397,27.44,61.75,18.72,36.25,8.72,25.5,15.88,21.19,10.75,25.34,16.75,9.97,7.94,4.66,17.44,22.75,58.44,15.16,34.25,7.59,24.19,14.78,20.91,9.34,22.97,11.25,12.5,6.56,2.91,18.28
1398,23.93,55.45,17.69,35.52,6.24,19.93,16.14,21.1,7.72,22.14,11.41,12.79,6.52,3.14,20.41,24.03,55.69,17.79,36.59,6.24,19.1,17.93,24.66,9.59,22.55,12.03,12.17,7.14,3.86,17.86
1399,23.5,54.07,17.54,35.61,5.96,18.46,11.96,16.75,5.18,22.14,11.0,11.61,4.82,2.61,14.25,27.25,59.32,19.46,36.93,7.79,22.39,11.39,14.57,7.79,25.82,14.86,9.75,6.71,3.39,15.64
1400,27.81,58.69,20.41,38.19,7.41,20.5,13.5,17.84,8.56,22.88,15.72,10.94,7.19,4.5,17.47,24.59,56.78,18.19,38.38,6.41,18.41,14.28,19.88,8.34,21.5,11.59,12.16,6.34,3.44,16.25
1401,25.35,63.47,18.47,39.26,6.88,24.21,17.21,24.26,15.21,24.06,11.29,9.32,7.12,2.85,16.65,24.62,57.91,15.79,31.91,8.82,26.0,12.76,18.06,8.38,21.71,14.74,10.74,5.29,5.32,19.56
1402,24.27,56.09,20.0,42.48,4.27,13.61,14.7,21.18,8.91,22.39,10.91,12.73,7.21,3.24,17.91,24.39,55.42,18.09,35.79,6.3,19.64,15.39,21.24,8.27,22.64,11.76,12.09,7.73,4.0,17.76
1403,25.85,57.0,17.3,33.58,8.55,23.42,15.33,19.7,8.58,23.09,14.45,10.64,6.09,2.55,14.79,25.36,59.27,17.94,36.15,7.42,23.12,11.18,15.76,9.52,21.61,11.88,11.12,5.88,3.39,17.18
1404,27.46,63.0,18.79,39.0,8.68,24.0,15.93,20.68,8.43,28.57,12.29,10.64,5.64,2.82,14.93,28.54,67.0,19.54,39.54,9.0,27.46,11.79,16.46,9.18,25.54,14.29,9.36,6.54,4.21,17.43
1405,28.75,60.03,22.28,42.88,6.47,17.16,16.03,21.25,8.16,22.22,13.03,10.06,7.19,1.97,15.53,28.62,59.5,21.06,37.38,7.56,22.12,11.31,15.62,7.97,22.38,13.16,12.56,5.84,4.09,18.03
1406,23.67,56.7,17.33,37.36,6.33,19.33,12.97,19.67,12.55,23.36,10.94,11.45,5.91,4.21,16.73,22.82,54.06,16.18,34.12,6.64,19.94,11.91,17.12,7.39,19.82,10.76,10.06,6.27,3.45,15.85
1407,25.41,59.07,17.07,35.41,8.34,23.66,17.83,24.38,10.55,22.86,12.69,13.31,10.14,3.21,19.34,24.86,56.86,18.0,37.72,6.86,19.14,16.0,22.62,9.1,21.59,11.1,14.28,8.21,4.21,18.83
1408,27.53,57.67,20.23,37.1,7.3,20.57,19.17,26.23,5.43,24.27,13.87,10.97,7.8,4.23,17.33,28.1,64.17,18.7,37.23,9.4,26.93,14.97,20.97,10.63,25.87,16.07,12.13,6.8,3.57,19.67
1409,24.87,56.93,17.33,33.5,7.53,23.43,17.07,23.13,7.17,24.57,12.4,12.53,7.87,3.1,17.5,26.1,60.23,18.47,36.9,7.63,23.33,14.7,21.17,9.6,24.33,13.87,12.5,7.1,2.43,18.7
1410,23.34,57.07,18.52,40.41,4.83,16.66,16.72,23.52,7.38,21.24,11.86,13.52,7.52,2.86,18.21,29.14,61.45,22.17,40.9,6.97,20.55,15.48,21.14,9.83,26.45,17.48,13.31,7.48,4.62,19.1
1411,24.16,59.16,17.0,36.13,7.16,23.03,13.45,18.65,9.45,22.61,11.23,11.97,6.74,3.61,18.68,23.94,56.55,17.32,36.16,6.61,20.39,16.23,22.87,8.84,23.23,12.74,11.84,6.77,3.29,16.58
1412,26.7,59.39,20.55,40.79,6.15,18.61,17.85,24.03,11.21,24.18,13.24,11.3,6.52,4.73,16.15,27.12,60.79,19.3,38.45,7.82,22.33,13.76,19.06,8.76,22.33,13.27,10.45,7.06,4.09,18.79
1413,24.06,54.61,17.35,34.19,6.71,20.42,15.65,20.84,7.74,20.94,12.29,12.65,7.68,3.48,19.23,23.81,54.52,17.9,36.45,5.9,18.06,15.45,20.94,8.26,21.55,11.58,13.19,6.81,2.81,18.52
1414,27.78,58.88,22.06,42.5,5.72,16.38,15.38,20.38,8.75,25.78,15.25,11.03,6.19,3.31,18.62,23.84,58.34,17.94,40.59,5.91,17.75,14.72,20.69,8.44,21.47,11.5,11.62,5.81,3.59,18.09
1415,24.22,61.41,15.84,35.5,8.38,25.91,12.53,17.56,9.25,22.31,12.69,9.03,5.41,1.28,17.44,25.97,55.91,19.41,37.31,6.56,18.59,13.88,19.47,7.16,25.78,13.56,10.5,4.56,3.62,17.0
1416,24.66,58.78,17.91,37.75,6.75,21.03,15.47,21.88,10.44,23.62,11.53,11.72,8.72,5.12,18.03,22.41,54.75,15.25,33.25,7.16,21.5,15.5,21.34,7.84,22.97,13.03,13.72,6.84,3.47,18.03
1417,22.88,54.97,17.38,38.44,5.5,16.53,14.41,19.69,8.56,21.03,10.84,9.84,5.69,3.22,18.53,22.69,52.78,15.19,30.53,7.5,22.25,13.12,18.88,7.38,22.19,11.19,10.84,5.34,2.59,18.44
1418,27.35,61.03,20.16,38.97,7.19,22.06,12.9,17.48,9.23,21.55,11.84,11.32,8.39,3.52,18.19,25.71,56.61,20.65,38.45,5.06,18.16,16.26,22.68,9.35,23.03,11.29,13.52,7.13,3.94,16.06
1419,23.79,58.43,19.0,41.64,4.79,16.79,14.89,22.46,10.71,22.46,11.61,11.75,6.82,2.0,18.11,25.14,56.46,16.07,31.11,9.07,25.36,15.5,21.25,8.79,23.5,14.57,11.25,6.82,3.79,18.75
1420,29.81,64.03,21.87,41.61,7.94,22.42,10.94,15.42,7.65,25.55,12.97,12.97,5.03,3.87,15.71,29.9,67.0,22.26,42.61,7.65,24.39,13.77,18.94,10.45,25.81,13.61,10.65,8.16,3.03,15.61
1421,25.52,56.35,17.87,35.35,7.65,21.0,17.26,22.97,7.61,22.77,14.52,11.52,5.48,4.1,17.39,26.55,60.0,19.48,38.52,7.06,21.48,14.71,20.58,9.81,22.48,12.61,11.32,6.1,3.23,19.74
1422,25.9,58.0,15.97,32.47,9.93,25.53,11.57,15.83,8.77,22.4,14.03,10.3,7.07,2.5,17.43,23.6,56.3,15.07,31.4,8.53,24.9,14.93,20.13,8.63,22.3,11.33,11.3,5.7,2.77,16.17
1423,26.5,59.5,18.71,35.89,7.79,23.61,14.96,19.57,9.18,21.75,11.11,8.0,5.75,2.18,17.14,25.54,56.46,18.18,35.75,7.36,20.71,13.21,18.68,8.43,22.93,11.0,10.79,4.0,2.93,17.5
1424,25.45,56.14,18.93,36.52,6.52,19.62,14.0,19.07,8.41,21.41,12.24,9.97,5.83,4.24,16.52,24.24,56.31,17.38,34.69,6.86,21.62,13.48,17.83,9.21,21.69,14.52,11.1,5.62,3.45,16.93
1425,26.42,58.55,18.79,37.06,7.64,21.48,13.64,19.67,8.42,22.48,15.61,12.09,7.48,5.21,16.97,25.91,60.03,17.42,36.76,8.48,23.27,14.0,18.97,8.97,22.94,15.42,12.36,6.88,3.48,17.24
1426,25.56,57.47,16.84,32.84,8.72,24.62,16.56,22.44,9.84,23.47,15.25,14.69,7.0,3.97,21.12,24.78,57.78,17.69,37.28,7.09,20.5,18.06,24.25,8.75,21.12,13.47,12.81,7.62,3.66,19.78
1427,25.9,63.39,16.48,35.16,9.42,28.23,15.87,22.19,10.77,25.74,13.71,10.52,5.0,4.19,17.97,28.58,63.55,19.77,39.74,8.81,23.81,15.68,21.97,8.9,25.87,14.84,8.97,6.19,4.61,17.77
1428,29.03,62.33,20.12,37.3,8.91,25.03,11.09,17.09,8.67,27.21,16.97,11.33,6.0,4.12,16.06,26.76,63.09,18.97,40.15,7.79,22.94,11.33,16.55,8.55,23.88,13.82,9.88,6.55,3.06,16.67
1429,28.16,57.74,21.97,38.45,6.19,19.29,16.45,23.1,7.97,24.94,15.87,10.74,6.35,4.16,17.06,26.16,59.1,19.87,37.39,6.29,21.71,12.94,17.97,7.45,21.9,12.81,10.71,6.35,2.26,19.0
1430,24.67,57.37,19.93,40.77,4.73,16.6,13.63,20.3,8.9,24.2,14.4,12.03,6.77,4.53,18.3,24.17,57.0,17.73,37.27,6.43,19.73,14.23,20.53,7.67,24.27,14.17,12.23,7.2,3.8,18.1
1431,23.74,54.9,18.42,37.71,5.32,17.19,16.13,23.52,8.68,20.26,11.65,14.26,11.0,2.55,20.03,23.45,50.94,17.9,33.68,5.55,17.26,16.68,23.58,8.42,23.19,11.0,17.74,7.52,3.81,19.39
1433,24.0,54.06,15.54,30.37,8.46,23.69,15.06,19.31,7.94,24.23,13.63,11.66,6.46,4.37,16.51,22.74,56.09,15.97,34.51,6.77,21.57,14.43,19.51,8.31,21.31,10.91,10.43,7.09,2.37,17.17
1434,24.58,60.94,17.48,38.84,7.1,22.1,10.29,14.23,8.48,21.42,11.84,10.52,5.87,3.42,16.29,28.13,58.32,20.77,37.77,7.35,20.55,12.35,17.9,8.45,26.94,15.35,11.32,6.29,2.42,14.97
1435,23.38,58.62,16.84,35.56,6.53,23.06,14.62,20.62,8.84,22.19,9.38,9.62,6.12,2.84,15.28,26.81,58.78,18.12,35.53,8.69,23.25,13.56,17.34,8.59,25.28,14.75,10.56,5.66,3.47,17.44
1436,25.09,56.47,16.75,31.56,8.34,24.91,12.12,16.78,6.59,25.31,13.06,8.47,5.72,3.94,13.97,23.31,56.91,16.78,36.16,6.53,20.75,10.69,14.75,7.12,24.97,10.06,9.5,5.09,3.34,15.41
1437,24.39,57.39,15.03,29.82,9.36,27.58,12.36,15.18,6.91,24.58,12.91,8.97,5.73,2.45,15.36,23.18,56.73,14.85,31.21,8.33,25.52,10.79,14.7,6.88,23.55,13.18,9.79,5.48,3.97,14.18
1438,24.06,55.48,17.48,37.36,6.58,18.12,8.88,13.94,7.48,22.18,15.24,7.64,7.12,5.09,13.48,21.42,53.3,14.97,32.06,6.45,21.24,10.27,13.7,7.91,23.88,11.15,11.21,5.12,3.24,13.0
1439,26.06,55.84,17.81,32.31,8.25,23.53,14.62,18.5,6.53,23.16,15.03,10.62,5.28,2.53,15.78,26.0,56.91,19.34,37.53,6.66,19.38,12.41,17.06,7.84,21.59,12.72,11.06,6.41,2.97,16.78
1440,24.59,59.9,18.66,39.93,5.93,19.97,11.62,16.55,7.45,24.45,9.34,15.14,5.55,2.52,17.31,31.28,65.9,22.1,40.59,9.17,25.31,13.21,20.34,10.34,26.93,16.03,10.76,9.21,3.38,16.17
1441,27.55,61.0,19.59,39.34,7.97,21.66,12.03,16.9,9.17,26.72,11.07,9.21,4.14,2.9,17.17,24.86,59.52,18.45,40.59,6.41,18.93,13.66,19.31,7.59,23.41,9.1,8.69,5.0,2.97,16.07
1442,23.83,57.31,18.21,39.55,5.62,17.76,12.72,20.41,12.07,24.55,12.28,12.45,5.0,5.38,14.55,25.34,60.62,19.69,42.03,5.66,18.59,11.03,15.24,8.86,21.93,10.41,8.93,7.59,3.31,17.55
1443,28.9,62.03,22.3,42.83,6.6,19.2,14.7,20.43,8.47,27.1,12.87,13.33,7.7,3.17,18.67,26.0,62.17,17.97,37.23,8.03,24.93,14.23,20.77,8.6,24.03,12.5,13.23,7.2,4.17,18.13
1444,25.13,59.39,17.55,36.29,7.58,23.1,11.65,18.68,10.87,23.48,12.39,12.87,5.1,2.81,17.29,26.71,60.23,18.81,37.03,7.9,23.19,13.68,18.97,9.19,22.94,13.61,10.23,7.06,2.29,17.68
1447,22.0,57.07,15.1,35.28,6.9,21.79,10.79,15.28,9.38,22.59,12.07,8.93,5.83,2.24,15.62,22.76,53.9,16.14,31.69,6.62,22.21,10.9,16.1,7.52,24.48,13.48,9.93,4.93,3.41,14.14
1448,27.73,58.18,19.58,36.24,8.15,21.94,14.58,18.33,6.85,24.03,12.48,10.18,5.91,4.12,15.55,25.21,58.39,18.58,38.06,6.64,20.33,13.39,17.91,7.61,22.0,10.67,10.91,6.0,3.42,17.45
1449,29.09,61.88,21.03,39.12,8.06,22.75,14.34,19.88,7.5,24.69,15.06,11.41,5.75,3.69,18.28,27.69,62.59,20.34,40.78,7.34,21.81,14.41,20.72,9.06,23.81,14.19,11.09,6.44,3.47,18.44
1450,27.42,58.79,21.03,39.97,6.39,18.82,13.06,18.64,9.88,25.42,12.55,10.15,5.27,4.7,16.76,23.82,56.42,18.12,38.64,5.7,17.79,13.55,18.42,6.79,21.27,10.55,10.09,5.61,2.64,17.0
1451,25.69,55.38,18.31,33.97,7.38,21.41,14.38,19.48,6.69,21.72,11.34,9.48,6.72,1.48,15.66,25.66,53.52,18.69,33.86,6.97,19.66,11.21,15.66,6.21,23.48,13.1,11.48,5.07,2.86,17.34
1452,23.97,55.72,16.69,34.88,7.28,20.84,14.59,20.69,7.75,22.75,13.03,12.12,4.34,3.56,15.22,27.44,61.53,18.19,35.06,9.25,26.47,12.72,17.28,9.56,24.19,15.47,9.88,7.56,3.88,18.31
1453,24.03,54.4,15.13,28.2,8.9,26.2,11.63,16.0,7.07,22.67,12.53,11.2,4.27,2.17,17.2,25.0,56.77,18.93,36.7,6.07,20.07,14.1,19.4,8.37,21.87,12.7,8.6,6.47,4.17,15.77
1454,27.82,62.12,20.06,38.03,7.76,24.09,15.58,21.12,11.52,23.85,13.97,12.33,5.58,4.39,18.18,27.79,63.12,19.52,38.91,8.27,24.21,15.67,20.73,10.33,22.06,15.42,10.67,7.09,4.36,18.12
1455,27.27,61.21,20.91,41.91,6.36,19.3,11.21,16.18,9.39,25.79,12.06,12.0,6.33,4.18,15.58,26.36,62.33,18.67,38.79,7.7,23.55,12.88,17.67,9.39,23.03,13.85,9.7,8.06,3.82,14.58
1456,23.42,57.55,14.61,30.1,8.81,27.45,12.81,18.35,8.61,22.35,11.81,9.87,4.55,1.74,17.35,26.13,56.87,18.97,36.13,7.16,20.74,14.81,19.87,8.55,24.58,12.06,8.97,5.74,4.1,16.55
1457,24.48,54.1,17.31,32.79,7.17,21.31,18.83,27.03,8.48,22.28,10.97,12.14,5.72,2.69,18.41,25.24,58.79,17.52,34.62,7.72,24.17,15.31,20.14,10.21,21.76,12.21,12.07,6.72,4.14,22.21
1458,26.66,57.6,19.57,37.23,7.09,20.37,14.66,19.31,8.71,22.09,12.71,9.23,6.23,1.6,16.43,24.94,54.46,18.0,35.74,6.94,18.71,13.11,18.09,6.49,21.49,11.77,10.89,4.77,3.97,18.23
1459,26.69,58.97,17.21,32.24,9.48,26.72,10.21,16.41,9.24,24.34,15.1,10.55,4.34,2.66,17.14,25.66,58.48,16.72,33.48,8.93,25.0,15.1,20.24,8.0,23.1,12.79,9.0,6.34,2.83,16.45
1460,31.97,60.5,25.17,42.8,6.8,17.7,15.43,20.3,7.97,22.93,16.33,11.93,6.2,2.7,15.97,30.23,62.6,21.47,39.0,8.77,23.6,13.53,18.8,8.5,21.17,13.5,11.57,7.53,2.77,18.17
1461,24.3,54.93,16.97,34.6,7.33,20.33,15.63,20.87,7.63,23.1,11.27,12.17,5.03,2.4,15.97,27.53,59.9,19.3,35.97,8.23,23.93,12.3,16.67,8.7,21.7,13.63,10.5,7.9,3.93,19.23
1462,27.12,62.3,20.33,42.36,6.79,19.94,14.82,19.91,9.55,24.61,16.24,11.15,7.0,3.33,16.85,26.94,61.76,19.55,39.58,7.39,22.18,13.27,18.55,9.12,23.79,16.18,10.97,6.18,4.88,17.82
1463,27.48,59.52,20.21,38.48,7.28,21.03,11.31,16.0,8.24,24.9,14.66,8.93,5.79,3.31,15.41,24.07,56.45,16.14,33.1,7.93,23.34,12.07,16.34,6.83,23.03,13.79,10.28,5.38,3.31,15.9
1464,27.75,63.57,19.18,36.71,8.57,26.86,14.36,18.64,10.39,25.04,14.14,10.29,6.0,4.64,16.96,26.04,60.61,18.68,39.0,7.36,21.61,12.93,18.61,8.43,22.39,14.0,10.93,5.93,2.96,17.32
1465,23.1,56.26,16.45,36.03,6.65,20.23,14.23,20.71,9.97,23.58,11.13,10.74,3.97,2.61,16.19,24.9,55.81,19.77,40.84,5.13,14.97,12.19,16.94,7.0,22.65,11.35,9.58,5.74,3.58,18.06
1466,26.13,59.87,18.77,39.17,7.37,20.7,15.2,19.7,8.03,23.3,10.6,9.73,5.1,3.07,18.6,26.37,58.2,19.2,37.97,7.17,20.23,17.1,23.8,7.9,24.33,12.4,9.17,5.07,3.67,17.37
1467,23.42,54.35,16.13,30.9,7.29,23.45,13.65,18.65,6.23,21.74,11.84,12.26,9.58,3.68,16.39,23.19,56.1,17.77,38.55,5.42,17.55,12.77,18.23,10.71,24.48,12.9,15.29,6.9,3.23,16.68
1468,25.18,58.86,17.82,36.93,7.36,21.93,9.79,12.61,6.0,21.46,12.64,9.07,4.93,1.5,16.32,26.93,58.36,17.86,32.43,9.07,25.93,13.89,18.61,8.36,26.32,13.86,9.29,4.79,3.04,13.29
1469,24.8,55.73,18.27,36.37,6.53,19.37,14.3,22.43,8.17,22.7,12.93,15.17,6.4,4.3,20.93,25.83,58.47,18.57,37.03,7.27,21.43,18.4,25.27,9.47,23.5,13.6,12.57,8.63,3.7,19.5
1470,26.17,58.48,20.38,41.14,5.79,17.34,13.69,17.9,9.03,20.86,13.07,10.52,8.38,3.66,18.14,24.79,55.86,17.97,35.55,6.83,20.31,14.07,20.0,9.9,22.31,11.97,12.97,5.59,3.59,16.66
1471,26.07,58.13,17.67,33.77,8.4,24.37,14.17,18.87,7.83,22.93,12.23,9.0,6.17,2.67,16.33,25.4,57.23,18.63,37.13,6.77,20.1,12.07,16.8,7.63,23.23,12.6,10.93,4.43,3.77,17.43
1472,25.0,54.17,16.1,29.27,8.9,24.9,11.53,15.93,5.9,20.8,12.73,8.7,5.9,2.0,15.87,23.7,52.33,16.7,31.63,7.0,20.7,11.23,15.2,6.57,22.37,11.37,11.2,4.87,2.4,16.13
1473,21.5,55.32,16.57,38.32,4.93,17.0,15.43,21.18,7.14,21.21,7.57,11.57,5.93,2.46,18.32,25.61,54.61,17.93,34.18,7.68,20.43,15.96,21.93,8.0,26.07,12.89,11.39,6.32,3.86,18.36
1474,26.97,62.52,18.55,37.0,8.42,25.52,14.97,21.06,8.65,23.58,12.26,11.19,6.65,2.71,17.45,30.52,63.77,22.52,40.35,8.0,23.42,13.55,18.74,9.1,25.87,12.65,10.9,6.52,4.77,18.13
1475,22.38,56.21,15.93,35.83,6.45,20.38,15.72,21.14,8.48,24.21,10.86,12.83,6.14,2.76,21.62,24.03,55.55,17.1,34.72,6.93,20.83,19.97,27.0,8.45,24.45,12.38,11.07,6.86,3.45,18.79
1476,22.93,57.93,14.73,30.73,8.2,27.2,9.13,13.1,6.87,23.07,11.87,12.97,6.27,2.37,15.47,26.97,60.7,16.9,32.67,10.07,28.03,13.2,17.87,9.77,26.83,16.4,11.17,7.9,4.27,14.07
1477,23.3,59.4,15.27,32.07,8.03,27.33,12.63,18.27,7.5,20.33,12.27,11.0,7.37,4.57,17.67,27.13,57.6,21.0,40.1,6.13,17.5,16.2,22.57,9.47,27.27,13.83,12.33,5.8,3.63,15.3
1478,24.59,58.52,15.1,30.72,9.48,27.79,11.31,14.79,7.1,23.62,14.93,10.76,7.28,2.93,15.66,25.69,59.14,17.21,33.72,8.48,25.41,11.62,16.41,9.34,25.69,14.45,11.69,6.48,2.48,14.14
